CensusTract,holc_grade
51700030500,C
51700030400,D
36005044800,C
36081055300,C
36081000400,C
36047043900,C
36047118400,C
36047040900,C
36081055500,C
36047118202,C
36081000200,C
36047118800,C
36047118600,C
36081000600,C
36081054900,C
36047043700,C
36081004200,C
34013004600,B
25027732202,C
34031182400,C
36081038400,C
36047064400,B
17031140602,C
36047074600,B
36081040300,D
17031838000,D
25025000701,C
17031252201,C
17031251100,C
36047058200,C
6037211410,C
17031260900,C
40109104000,D
25025100500,C
36081058500,C
36055008400,C
25025091900,C
26163517500,D
26163518900,D
34013010900,C
26163530500,C
26163531100,C
17031832100,C
36061028300,B
17031031200,C
17031813900,C
24510110200,D
36081013200,C
17031062100,C
36005036501,D
6073004000,D
17031250700,C
39035140702,B
17031812600,C
36055008200,C
36055007900,C
42101017601,D
6073004800,D
6037208501,D
25025091700,C
6037208402,D
25025090200,C
34031124323,A
6073004700,D
25025090100,C
36055007100,B
25025091800,C
25025081700,D
25025081500,D
25025081400,D
36081024700,C
55079006500,C
42101017800,D
25025081800,D
25025092300,C
6037219800,C
6075026403,D
25025110401,C
55079008000,D
53033008700,D
25025101102,C
6037210010,D
42101003200,D
55079006800,C
42101003100,D
55079006700,C
6037209820,D
6037209520,D
36081023800,C
25025100601,C
26065003601,C
25025100200,C
6037209104,C
26065003602,C
25025080500,D
6073004900,D
25025080601,D
6037205110,D
6075032802,B
6037201504,C
25025060700,D
36055005500,D
36081025301,C
42101018002,D
53033006800,B
42101002801,D
25025050600,D
25025050500,D
25025050200,D
6037221120,D
6075032902,B
25025040300,D
42101002701,D
36055005100,C
42101018800,D
25025010408,C
36055004900,C
25025010403,C
36081025700,C
6073003902,D
6037203200,D
25025060800,D
6075035300,B
6037203600,D
6075025402,D
25025080300,D
25025070900,D
6037204820,D
6037204810,D
6037204700,D
25025070800,D
6037204420,D
6037204410,D
6037204300,D
6037204200,D
55079006400,C
6037204120,D
42101002802,D
25025070600,D
25025070500,D
36081024900,C
6037203720,D
6037203710,D
25025110403,C
6037211201,C
6037218800,C
25025110502,C
36081018501,C
36081018502,C
36081018600,C
36081018800,C
36081015600,C
42101004101,D
42101009100,D
42101009400,D
36081015400,C
6075010800,D
42101003702,D
42101010200,D
25027731800,C
42101010300,D
42101010900,D
36081019600,D
36081019800,D
36081020200,D
25027730300,B
36081020600,D
42101013100,D
42101004102,D
36081018402,C
53033010300,C
36081016800,C
42101005600,D
53033011401,D
6073007701,B
6037216800,B
6037216700,B
6037216402,C
36081015802,C
36081016400,C
36081016600,C
53033011101,C
42101008102,C
42101007101,C
36081017400,C
36081017600,C
55079007100,D
53033011001,C
36081017800,C
42101007300,C
36081018000,C
36081018200,C
36081021400,C
42101013800,D
42101014400,D
26065002800,C
6037211910,C
6037211804,C
6037211803,C
25025140105,C
36081023000,C
6037211703,C
6075022803,D
36081014900,C
6075022901,D
6075022902,D
6037211921,C
36081023600,C
6037218500,C
6037218600,C
6037211420,C
6037218701,C
6037211320,C
6037211310,C
6037218702,C
6037211202,C
36005002500,D
6037211922,C
42101014500,D
6037212420,C
42101014800,D
36055009604,D
42101003701,D
42101014900,D
6037212701,B
6037212620,B
42101015101,D
42101015600,D
6037212501,C
42101015700,D
6075021200,C
6037218120,C
42101015800,D
36081015000,C
42101016000,D
42101016100,D
42101016200,D
42101016300,D
42101016400,D
6037212202,C
17031051100,C
6037197500,D
25025000704,C
36081037700,D
42101033600,B
36081037900,D
42101033800,B
42101034100,B
36005023900,C
36005024400,C
36081040000,C
36081040100,D
42101037900,D
36005024502,B
36081040500,D
36005025000,C
36081040700,D
36081040900,D
36081041100,D
36005025200,C
36081041300,D
36005025400,C
36081041400,D
36005025600,C
36081041500,D
36081042700,D
6037183620,C
36005023200,C
42101033500,B
25005652300,B
42101033400,B
36005020200,C
36005020400,C
42101031101,B
42101031200,B
42101031300,B
42101031401,B
36005020601,C
42101031402,B
42101031502,B
6037189201,C
36005021100,C
42101031600,B
36005021301,C
42003080600,C
36005021302,C
42101032100,C
36005021601,C
36005021700,C
36005021800,C
36005021900,C
36005022101,C
36081037100,C
42101033101,B
6037183610,C
36005026100,C
36005003900,D
24510270402,B
24510270401,B
55079013700,C
24510270302,B
24510270102,B
6037141303,B
44007001600,C
36005033202,C
24510240300,D
24510230200,D
36005033600,C
24510200702,C
6037134522,C
6037134521,C
36005033800,C
24510190100,D
36005034000,C
36005034200,C
24510180300,D
55079014700,D
24510180200,D
24510180100,D
36005034400,C
36005034500,B
36005031200,C
24510270502,B
25005651400,B
44007001000,C
36081043900,D
6037183300,C
6037183222,C
6037183220,C
36005026400,C
25005650800,B
36081044602,C
36005026601,C
36005026602,C
36081045000,C
36055002700,D
25005640600,B
36005027401,C
36081046000,C
36055002400,C
24510280500,D
36081046400,B
8101001800,B
36005028700,C
8101002500,B
55079013500,C
55079013600,C
36081046700,C
36005020000,C
36005019900,C
42101031000,B
36005006800,C
36005007000,C
36081028200,C
36005007300,D
36081028300,B
55079009300,B
36081028400,C
39095004200,C
36005007500,D
36005007600,C
36005007700,D
53033005000,B
36005007800,C
42101025200,C
42101025900,B
25017354800,C
36005008700,D
36005009200,C
42101026000,B
42101026100,B
42101026301,B
6037192620,C
42101026302,B
6037192520,C
36081027800,C
25021400300,C
36005018400,C
36005006400,C
36005004001,C
36005004100,D
25025000602,C
36005004400,C
25025000601,C
36005004800,C
6037197600,D
6037221304,C
36005005001,C
36005005002,C
36081025900,C
25025000202,C
36081026000,D
36081026200,D
39095005000,C
39035172101,C
42101021800,B
36081027100,C
6037195804,D
36005006200,C
6037195802,D
6037195720,D
6037195710,D
36005012500,D
36005012701,D
25017353500,D
36005012901,D
6037191110,C
42101028400,B
42101028500,B
36005016200,C
36005016400,C
42101028600,B
36005016600,C
42101028700,B
36005016900,D
6037190520,C
6037190510,C
6037190402,C
6037190401,C
6037189905,B
6037189904,B
6037189903,B
42101030700,B
42101030800,B
36005018101,C
42101030900,B
36005018301,B
55079011100,D
8031002703,C
42101028300,B
36005015900,D
36005015800,C
25017350300,C
25017352800,D
25017352700,D
36005013000,C
36005013100,D
55079009900,D
42101026700,B
36005013300,D
36005013500,D
25017350800,C
36005014400,C
25017341901,D
6037191204,C
36005014900,D
36005015100,D
36005015200,C
6037191620,C
39095003200,C
36081035100,C
6037191420,D
6037191410,D
36005015500,D
6037191301,D
6073003901,D
36081012800,C
42101002100,D
34013002500,C
34013003100,D
34013003500,D
34013003700,D
34013003800,D
6037533105,C
34013003900,D
6037533106,C
6037533201,C
6037533202,C
6037533203,C
6037533402,C
6037533403,C
6037533502,C
6037533503,C
6037533601,C
6037533702,C
42003561100,C
6037293307,D
6037293304,D
6037534700,B
42003562700,D
27053125800,C
6037535001,D
6037532604,C
34013002400,C
34013007300,D
27123035100,A
39035112400,D
39035101603,C
34013000700,C
36061027700,B
36061027900,B
36061029500,B
6037530500,D
6037530601,D
6037530801,D
6037530802,D
6037530901,D
6037530902,D
39035112600,D
6037531101,D
39035112800,D
6037531102,D
34013001700,C
6037531201,D
6037531502,D
6037531504,D
27123036300,A
27123035700,B
27123035500,C
34013007200,D
27053125700,C
6037576503,C
26163575100,C
6037553901,C
6037554002,C
6037554201,C
34013012500,C
6037554204,C
26163573800,C
26163573300,C
26163543600,D
36061004800,D
6037573004,C
6037573201,D
6037573300,D
6037269906,C
6037573401,D
26163542800,B
26163542500,B
26163542400,B
6037575101,D
34013017100,D
6037575102,D
6037575103,D
26163538600,A
36061004000,D
53063004602,C
6037272201,C
34013007600,D
26163577100,C
34013007700,D
34013008200,D
36065021102,C
27053109700,B
27053109300,B
6037535802,C
6037535902,C
6037540201,C
6037275200,C
27053102100,C
34013010600,C
34013010700,C
27053009600,B
34013010800,C
34013011100,C
27053005901,D
34013011200,C
27053002200,C
6037273200,D
26163577400,C
26163577200,C
6037272302,C
6037272301,C
36061026700,B
34013000400,D
36061026100,C
36061017401,D
31055006202,B
31055006000,B
31055004800,A
31055004700,A
31055004600,A
31055004500,A
31055004400,A
31055003900,B
6037433305,C
6037433402,C
36061013000,A
31055002600,B
36061018000,D
31055000600,B
31055000300,B
42003180700,C
36061018200,D
29510121200,D
36061012200,A
36061018400,D
36061018500,C
36061018600,D
6037461501,C
36061017402,D
39035106400,C
36061025900,D
36061017200,D
36061014602,D
42003080900,C
36061014601,D
55025001604,C
55025001603,C
36061015001,A
36061015002,A
36061015400,D
36061015601,D
36061015602,D
36061016001,A
42003051100,D
36061016100,B
36061016400,D
36061016500,B
36061016600,D
36061016900,B
36061017000,D
31055007468,B
36061014200,A
31055007459,B
31055007002,B
31055006906,B
36061012000,A
39035105300,C
29510116100,B
36061018800,D
36061022200,D
36061022400,D
36061022600,D
6037301801,C
36061022800,D
36061023000,D
39035102800,C
6037481605,C
36061023900,C
6037481711,C
29095006700,C
29095006500,C
29095005602,C
6037482202,C
6037482301,C
6037482303,C
6037482304,C
6037301204,C
6037482502,C
36061024301,C
29095001800,D
36061024900,C
36061025700,D
36061022102,D
36061022000,D
36061021800,D
36061019400,D
36061018900,C
6037462100,C
6037462201,C
36061019000,D
39035111500,D
42003210700,D
42003220600,D
29510107500,B
29510107400,B
29510107200,B
36061019702,D
36061021600,D
36061020000,D
36061020101,B
36061020102,D
36061020300,B
36061020701,B
36061020800,D
6037480303,C
39035111800,C
6037480304,C
36061021500,D
6037576502,C
42049002500,B
34023004100,C
36081006300,C
34017017000,D
26099255900,C
36081006501,C
36081006502,C
6037232700,C
6037232600,C
36081006900,C
6037232400,C
6037232300,C
6037232200,C
6037232120,C
6037232110,C
36081007100,C
36081007300,C
26081013700,C
26081013500,C
42091202202,B
6037231600,C
6037231500,C
34017017400,C
34017017500,C
6037231210,C
6037231100,D
55079005200,C
26099256200,C
36081009500,C
34017016500,C
6037237401,C
26125173400,C
36081001000,C
36081001200,C
6037237102,C
36081001400,C
34017013600,D
36081001600,C
36081001800,C
26125153200,C
36081002200,C
36081002400,C
36081002600,C
42079200600,A
36081002800,C
34017015300,C
34017015500,D
36081003000,C
36081005100,D
36081005200,C
36081005400,C
36081005900,D
34017016300,C
6073001200,C
36081009700,C
6037576904,C
34021000500,C
36081011500,C
34021000700,C
6073002707,C
36081011700,C
36081011800,C
55079006000,B
36081012000,C
55079006100,B
36081012200,C
36081012400,C
36081012500,C
36081012601,C
36081012602,C
36005035600,C
6037222001,D
36081013000,C
6073003001,D
42101001102,D
26075000900,B
6073003112,D
42101001600,D
36081014300,C
42101002000,D
36081011300,C
36081011000,C
36081009800,C
6073002502,D
6037229100,D
34017018600,D
6037228720,D
6037228710,D
6073001700,C
6037228410,D
6037228310,D
6037228220,D
36081010000,C
36081010100,C
6037227020,D
36081010200,C
6037226700,D
6037226420,D
6037226410,D
6073002201,C
34017018800,D
6073002202,C
36081010400,C
36081010600,C
34017019100,D
6073002302,C
36081010800,C
6037237402,C
6037237500,C
6037237600,C
6037601501,C
6037601502,C
36061002601,D
6037601700,C
6037601801,C
6037601802,C
26163531500,C
26163531400,C
26163531300,C
55079003500,C
6037602103,C
36061002202,D
6037602104,C
36061002201,D
26163530900,C
6037602404,D
36061001800,D
6037602505,D
36061001600,D
36061001402,D
26163526300,D
26163525800,D
36061001401,D
39035116100,D
6037265304,C
26163531800,C
6037237710,C
26163532200,C
36061003800,D
6037577400,B
26163537000,B
26163536900,B
26163536800,B
26163534400,C
26163534300,C
26163534100,C
36061003602,D
26163533500,C
36061003601,D
26163533300,C
26163533200,C
36061003400,D
34013019700,C
6037601202,C
55079002900,D
6037601212,C
36061003200,D
36061003002,D
36061003001,D
26163532300,C
34013020700,B
36061001200,D
26163525400,D
26163524800,C
6037620521,D
26163512600,C
26163512400,C
6037240500,C
6037240401,C
6037240300,C
6037240200,C
26163504000,B
26163503900,B
6037239702,C
6037239701,C
6037239601,C
34017010200,C
26163501900,B
26163501000,A
6037239320,C
6037239310,C
26145001600,C
6037239201,C
6037238320,C
6037238100,B
26125184100,C
6037702802,C
36081000800,C
26163514200,C
26163514500,C
55079004200,C
26163517300,D
34017002300,D
26163522200,D
34017002400,D
26163522100,D
34017003100,D
34017003500,D
26163520400,D
34017004300,D
34017004400,D
26163520300,D
26163517100,D
34017006400,D
34017005500,C
26163517000,D
34017005600,C
26163516900,D
6037241120,C
6037241110,C
26163516800,D
26163516700,D
26163516600,D
34017006200,C
36005035000,C
42101031700,B
36047025901,D
36047030300,D
36047030700,D
36047030900,D
17031460301,D
36047031701,C
36047101200,D
17031431200,C
17031420700,D
36047032800,D
49035100306,D
36047101000,D
17031410800,C
17031410700,C
36047033300,B
36047033500,B
17031410600,C
17031410500,C
36047033900,C
17031410200,C
17031400500,D
55079101700,C
36047034200,D
17031390600,C
17031390500,C
17031491000,C
17031491300,C
36047099200,D
36047030100,D
17031650302,C
36047027300,D
36047027400,B
36047027500,D
36047027700,D
17031650100,C
36047027900,D
17031640800,C
36047028100,D
17031630800,C
17031630400,C
17031611800,C
36047028501,D
36047028502,D
36047028700,D
17031611700,C
36047028900,D
36047029100,D
36047029300,D
36047029500,D
36047029700,D
17031610800,D
36047029900,D
17031381800,D
36047099000,D
36047014000,B
13121002500,D
17031301803,C
36047096600,D
17031301802,C
36047039100,D
17031301702,C
36047096400,D
13121003700,D
36047096200,D
13121003800,D
17031301701,C
17031300900,C
36047040100,C
17031300800,C
17031300700,C
17031300600,C
36047040600,C
4013111602,B
17031300500,C
36047095800,D
36047040800,C
17031292400,C
36047041000,C
36047041200,C
36047038900,D
17031340300,D
36047098800,D
36047038700,D
17031381500,D
17031381400,D
17031381200,D
17031380700,D
17031380200,D
17031380100,D
17031360200,D
36047036200,C
36047036300,D
36047036400,C
36047036501,D
17031351500,D
17031351400,D
36047097400,D
36047097000,D
17031351100,D
36047096800,D
36047037300,C
17031350400,D
36047038100,D
17031340400,D
36047038300,D
36047038500,D
17031660301,C
36047027100,D
36047026900,D
17031837400,D
17031837000,D
36047018501,D
36047018600,C
36047018700,D
36047018800,C
17031836000,D
17031835900,D
17031835800,D
36047019400,D
17031834800,D
17031834700,D
36047019800,C
36047020000,C
36047111800,D
36047020300,D
36047020400,B
36047020600,B
17031832000,C
17031831000,D
36085023100,D
36047111600,D
36085023900,D
36047021200,D
36047018400,C
36047018200,C
17031660302,C
36047018100,C
36047014200,B
36047014300,D
18097310204,C
36047014500,D
36047014700,D
36047015000,C
48113000800,C
36047015200,B
48113003800,C
36047016000,B
36047016500,B
36047017000,C
17031841700,C
36047017200,C
17031841600,C
17031841400,C
17031840100,D
17031839600,D
17031839200,D
36047112000,D
17031838300,D
36047017800,C
36047018000,C
36085031901,D
17031814600,C
36047021700,C
36047021900,C
17031691300,C
17031681100,D
17031680900,D
17031680600,D
36047025902,D
17031671500,C
36047026100,D
17031671400,C
17031671300,C
6001401800,D
17031671200,C
17031670900,D
36047102400,D
39035141602,B
36047026300,D
17031670400,C
17031660800,C
17031660700,C
17031660600,C
17031660500,C
36047026500,D
17031660400,C
36047026700,D
49035103700,A
17031710600,B
48245010200,A
36047023600,C
36047022000,C
17031813802,C
36047022400,D
36047022700,D
36047022900,D
36047023000,D
36047023100,D
36047023300,D
36047023400,C
36047023500,D
36047024100,D
36047025300,D
36047024300,D
36047024500,D
17031810701,C
17031810100,C
36047024700,D
36047024900,D
17031809800,C
48245005500,A
36047025100,D
48245006400,A
36047041300,C
17031280900,D
36047041700,D
36047065600,B
17031110501,C
17031081100,D
17031081000,D
17031080400,D
17031080300,D
17031071800,D
36047067400,B
17031071700,D
36047068000,C
17031071600,D
36047069000,C
36047073200,B
36047073400,B
36047073600,B
36047073800,B
36047074000,B
36047074200,B
36047074400,B
36047074800,B
36047075000,B
36047075200,B
36047075400,B
36047075600,B
36047065800,B
36047065400,B
17031160800,C
17031140301,C
17031160501,C
17031160400,C
36047058800,D
36047059200,C
36047059401,C
17031160300,C
17031151002,C
17031151001,C
36047091600,D
17031150800,C
17031150700,C
36047091200,D
17031150600,C
17031140701,C
36047062600,D
36047090600,D
36047063600,B
17031140500,C
36047064000,B
36047064200,B
36047064600,B
36047064800,B
36047065000,B
36047075800,B
17031010702,C
17031071100,D
36047076200,B
36047083800,B
36047084000,B
17031031501,C
36047084800,B
36047085000,B
17031031800,C
17031031900,C
36047086200,B
17031061500,C
17031061200,C
17031061100,C
17031061000,C
17031060400,C
17031060300,C
17031060200,C
17031040600,C
17031050100,C
17031050200,C
17031050500,C
17031050600,C
17031050800,C
17031050900,C
17031051000,C
17031061800,C
17031030900,C
17031062200,C
36047079602,B
36047076600,B
17031020302,B
17031071000,D
17031020602,B
17031020801,B
17031070103,C
36047079000,C
17031063400,C
36047079601,B
17031063301,C
36047079801,B
17031030701,C
17031063100,C
17031063000,C
17031062900,C
17031062800,C
17031030400,C
36047080600,C
17031030500,C
17031030603,C
17031062400,C
17031062300,C
17031160502,C
17031161300,C
55079180200,C
17031251900,C
36047093800,B
55079185800,D
17031251200,C
55079185900,D
36047093600,B
36047093400,B
36047045400,C
55079186000,D
17031242100,D
17031242000,D
17031241500,D
17031241400,D
17031241300,D
36047047200,C
36047047400,C
17031241200,D
36047048000,C
36047048100,D
17031240800,D
36047048400,C
17031240700,D
36047048800,C
36047048900,D
17031251400,C
36047044400,C
48453000804,D
17031252000,C
17031271800,D
36047041900,D
36047042000,C
36047042100,D
36047042200,C
17031271500,C
36047042300,D
36047042400,C
36047042500,D
36047042600,C
17031271400,C
55079185400,D
17031261000,C
36047043200,C
36047043400,C
55079185500,D
36047043800,C
17031260700,C
17031260600,C
36047044000,C
17031252202,C
36047044200,C
17031252102,C
36047049000,C
36047049100,D
17031240600,D
36047049400,C
17031220701,C
17031220602,C
17031220601,C
17031210602,C
36047052600,B
36047052700,D
17031210601,C
36047052900,D
17031210501,C
36047092400,D
36047054200,C
17031190702,C
36047054600,B
36047054800,B
36047055000,B
36047055400,C
17031170900,C
36047056000,B
36047056200,B
36047056400,B
17031170800,C
17031170700,C
48453000901,D
36047052000,B
17031221100,C
36047051800,B
36047050801,B
17031240500,D
36047049600,C
36047049700,D
36047049800,C
36047050000,C
36047050100,D
17031240300,D
17031240200,D
17031231200,C
17031230100,D
17031222200,D
17031221200,C
17031221600,D
36047050803,B
36047050804,B
17031221500,D
36047051001,B
36047051002,B
36047051100,D
36047051200,B
36047051300,D
17031221300,C
36047014100,D
6037402803,C
48113000405,C
24510100300,D
24510100200,D
36047116400,D
47037017902,A
36047116200,D
20209042400,D
20209042002,D
36081077500,B
36005039100,D
36047116600,D
20173003400,D
36029006901,C
36005038900,D
36081083800,C
36081084000,C
36047115600,D
36029008800,C
47037017300,D
55079020500,C
36081060100,C
47037013500,D
36081060800,C
9003502400,C
36047117202,C
24510070400,D
9003503500,C
24510080301,C
36047117000,D
47037013900,D
47037017100,C
24510080800,D
47037014300,D
47037014800,D
47037016000,D
21111002100,D
21111001700,C
24510100100,D
36081086100,C
39035183604,A
36047115000,D
36047004900,D
36081116700,C
48029130200,D
36081118500,C
36047004100,D
12057003300,D
36047004500,D
12057003400,D
12057003500,D
6001425103,D
36081119300,C
36081119500,C
36047005800,B
36047006000,B
36047006200,B
36047006300,D
36047006400,B
36081116300,C
48029110500,D
47157011700,D
36047002901,D
36005038800,D
47157002000,D
24510110100,D
36005038700,D
24510120300,C
24510130100,C
36081047300,C
36005038500,D
36005038200,D
47157003700,C
47157003900,D
47157004500,D
47157005900,C
24510150100,D
36005037600,C
36081060600,C
36081060000,C
36005037504,D
36005040600,D
36005042800,C
36081051300,C
36081051600,C
36081051800,C
36081052000,C
36005043600,C
36081048300,C
36081052200,C
39035119402,C
55079016800,D
24510020100,D
36005044901,B
36005044902,B
24510020200,D
36081052400,C
36005040501,B
36081051000,C
55079016900,D
36005039600,D
55079017400,D
36081049500,C
36005041300,B
36081050201,C
36005041100,B
36081050202,C
36081049301,C
36081050400,C
36005041900,B
36005042400,D
36081048400,C
36081050500,C
36081050600,C
36005040701,B
36081050800,C
36005042200,D
36005042300,B
24510040100,D
36081052600,C
36081053000,C
22071002900,D
24510040200,D
22071006300,C
36081055800,C
36081056200,C
55079016300,D
36081056400,C
22071003000,D
36047118201,C
36055001500,D
36047117602,C
24510060400,D
24510070200,C
9003500100,C
36005039800,D
36081058700,C
36081058900,C
6037124204,C
22071006400,C
6037124203,C
36005040302,B
36055001300,D
36081053200,C
36081053401,C
36081053601,C
36081053800,C
22071010600,D
36005040400,D
36005040304,B
36005040303,B
55079016400,D
36047121400,D
36047121000,D
22071008800,D
22071008600,D
36081055100,C
36047006500,D
55079017200,C
36047006600,B
18097330900,C
36047010100,D
18097352800,D
36047010200,C
18097352100,D
36047010400,C
18097360101,D
39035121200,C
24510160200,D
36047010600,C
36047009200,C
18097340500,C
36047007600,C
36005036700,D
36047011400,C
36081124100,C
18097331000,C
36047011600,C
36005036901,D
24510150800,B
36005037300,D
36047009600,C
36047006700,D
36005037100,D
18097342300,D
36081126500,C
36047008600,C
36047009400,C
36047008200,C
36047008000,C
36005036902,D
36047007800,C
36047009800,C
36047010000,C
24510160500,C
18097351900,D
36081125700,C
24510170100,D
24510150300,C
36047010800,C
18097357300,D
36047006900,D
48029160600,C
48029150502,C
18097320500,C
24510160100,D
36047013000,B
18097320400,C
24510170300,D
36047013200,B
36047013400,B
36047007400,C
12057004400,D
18097321400,C
36047013600,B
18097321600,C
48029160502,C
36047013800,B
18097322400,C
36005036502,D
36047006800,B
36005036300,D
18097322600,C
36005036000,C
18097322700,C
17031140702,C
17031140601,C
6037231300,C
36005046202,C
17031030800,C
17031260500,C
17031010501,C
36005039000,D
22071000903,D
25017350900,C
26163530800,C
36005015300,D
36081074900,B
36081026300,C
26163512300,C
34017016100,C
27053103400,D
36005007200,C
36081025800,D
48113005700,C
42101017900,D
36081009600,C
6037183221,C
36055002900,C
17031031700,C
36081026100,C
17031280800,D
26163516000,C
36047028300,D
17031020802,B
42101031501,B
17031241100,D
42101030600,B
6037183101,C
36061012800,A
17031814000,C
26163535600,B
34017015802,C
17031490700,C
6037620522,D
36047113000,D
36081047100,C
26163503100,C
17031180100,C
36081052800,C
17031062000,C
6085500902,C
47037017901,A
17031610400,D
55079186200,D
25025091200,C
36081057900,C
29510106100,C
48029150100,D
6037191201,C
17031830800,C
6037601600,C
6037218400,C
6073001800,C
36081062700,C
6037229200,D
42003472400,B
29095005100,C
6037238310,C
36081018102,C
25025170702,C
22071009200,D
6037602504,D
26163553800,C
27123032400,C
17031170400,C
55079017900,D
26163532400,C
42049002200,B
31055003401,B
25025080900,D
8031003703,C
6037228600,D
39049005900,B
25025090600,D
36047102200,D
18097340800,C
25017354700,C
26125180300,C
49035101700,C
8031000905,D
6037192610,C
34001001100,D
6037533701,C
17031221000,C
17031250600,C
19193001000,A
26163523200,D
48029190604,B
42003473200,A
24510271600,C
6073003601,D
48201410800,A
24510271801,B
42101008101,C
17031812900,C
25025080401,D
17031813702,C
36081145900,C
6075032700,B
17031241000,D
31055003700,A
25017357600,C
42003465600,B
4013111700,B
26099251900,C
26163573900,C
29510102400,B
42101009000,D
36081014000,C
4013113203,B
51760041000,C
24005401000,B
6037192700,D
36061028500,B
44007015500,B
31055003800,B
42101016902,D
36047041100,C
6037214400,C
6037532606,C
36081036300,D
22071002800,D
36005036800,D
12057004500,D
17031813200,C
1101000500,C
36085002900,D
25025080801,D
36005032400,C
6037189101,C
6037209810,D
42101017201,C
8031003702,C
26163500200,C
5119001300,C
26163537200,C
36085014100,C
18097351200,D
26163504200,B
42101028800,B
6075026402,D
42003030500,D
44007001900,C
25025082100,C
39035113500,D
29095008300,B
34017017600,C
39035121100,C
6001402400,D
36081064600,C
6075026003,D
34017000200,C
6037237201,C
42049002300,B
17031832400,D
36081027200,C
24510160400,C
36047027000,B
26163533400,C
34013020500,B
17031431301,C
36081072300,B
55079003200,C
41051008600,C
39095006100,B
42101009600,D
36005039300,D
8031003102,C
6037181400,C
6001404501,A
29510115300,B
34013020600,B
6037604001,D
17031031502,C
36005007900,D
36081050000,C
24510170200,D
17031611200,D
42101019501,C
17031190602,C
29095003700,D
39035140701,B
6037573403,D
17031190800,C
48113003700,C
36085011402,C
36081036700,C
55079101500,C
55079005300,C
17031834600,D
25017339600,C
31109002001,A
36081081800,C
19013000100,D
29510127100,D
44007015600,B
47037013300,D
6037480101,C
36081157903,C
18163001200,C
6075047702,B
36005034800,C
36005029700,B
6037216100,B
53033007401,C
6073001600,C
27123031200,C
26065003700,C
36081027500,C
6037267502,D
36081058300,C
42101031800,B
31055003000,C
25025010300,C
39095001301,A
6037192510,C
6037540202,C
17031835700,D
36005021502,C
6075047902,B
36081046200,C
55079002500,C
26075001000,B
36047076000,B
6037576402,C
39099801100,C
19153000101,C
17031680500,D
18097330500,C
47157001700,B
26163533000,C
26163543000,B
36005037800,C
42003090300,C
25005641800,A
25025101101,C
17031050700,C
39035112500,D
6037237720,C
31055005100,B
6037231710,C
9003416000,C
26163537800,C
6037602002,C
36081028100,B
48439104701,B
1073005101,D
6037621004,D
6037602105,C
48201412300,B
18097352400,D
31055003600,A
36055002100,B
47037016800,B
24510271900,B
36081044800,C
26125160000,B
36047114202,B
25025010404,C
34017014501,D
26163573701,B
6001410200,C
36081049302,C
6037573402,D
48029190601,B
26163542200,A
47157002600,B
26099263800,C
39035116500,D
42101009500,D
48201312700,A
26163538500,A
26145000800,C
26163506900,C
17031590600,D
18097320800,A
6001405500,C
25025000504,C
26163542900,B
36081054800,C
17031670800,D
19153002900,A
26163533600,C
26163527300,D
17031032100,C
36081119100,C
6001405301,C
36005014702,D
47037017702,A
26163500400,B
36047085800,C
6037601100,C
20173000600,D
27123034500,C
25025090400,D
25027732302,C
36081037500,D
6037575202,D
36081086500,C
6037481002,C
17031251300,C
48113001001,B
36005023501,B
24510060100,C
42101027000,A
29510107600,B
40109100400,C
41051008700,C
17031812802,C
6037212610,B
25017341700,C
44007001200,C
26163507400,C
36005035900,D
55079020400,C
8031000502,C
6037294200,D
6073003111,D
36005028100,C
36081011600,C
6073000900,C
34013023000,D
39095002100,B
26163543900,D
36005017701,C
39049001700,C
6037228420,D
6037215101,C
37119004900,D
6075031400,D
39035140900,B
48029140500,B
48113001204,C
44007000400,C
17031030703,C
25017351403,D
36047032600,D
36081027600,C
17031611300,D
36081059300,C
36047089400,C
26065003301,C
17031010701,C
26163569400,C
26163546400,D
26163507100,D
6037532800,D
19153000102,C
36081025400,D
29510103400,B
25025000703,C
36047016600,B
17031460302,D
6037531000,D
17031838200,D
6037534403,C
36081063302,C
36055003300,C
39035103400,C
44007015400,B
42091202201,B
26163574600,B
42101017202,C
36005035800,C
36081046900,C
36081054500,C
48029110600,D
26065002700,C
36081055600,C
34013013300,D
26049000700,C
17031020601,B
55079018700,C
17031611400,D
19163011900,C
39099801400,C
39035177202,C
42003050100,D
34039030802,C
6037530302,B
42003561200,C
36047051400,B
39113020300,A
36081069000,D
36047023800,C
36081055700,C
29510106600,C
6037221710,D
36055004800,C
40143003300,B
39035104600,D
17031161000,C
6075031301,C
34003003300,C
36047031900,B
36005044400,C
17031222800,D
36061002700,D
17031670100,D
36005032800,C
40143004301,A
48029190504,B
17031230200,D
27053111200,B
26125170400,C
49035103400,B
6075026404,D
17031843000,C
29510111100,D
17031170600,C
6037480302,C
34013020400,B
29189216800,B
26163545900,C
36081043400,D
44007015300,C
6037216401,C
36047076400,B
21111000900,B
47157001900,D
26163507200,D
39153503100,C
25005641300,B
36047090200,D
8031000401,C
18097330105,C
29510110400,C
17031650200,C
6037197700,D
17031150401,C
6073003201,D
17031440700,C
42101007102,C
17031210502,C
36005042000,C
6037197200,D
18097322500,C
29510119200,D
18097330401,C
6037183401,C
6037186201,C
6037604002,D
36081116100,C
6073003602,D
42101019502,C
6073002501,D
17031242200,D
47037017500,D
36081091900,C
36081003800,C
6037124102,C
36081029300,C
27123036500,B
17031834500,D
25025140107,C
26163541300,C
36005017500,C
42101033300,B
55079002800,D
13121002300,D
26163501300,B
25025010203,C
36081079900,C
34017001201,D
6037531301,D
6073003101,D
42003462600,C
13245001400,D
6037239602,C
26163543800,D
17031691400,C
42101038400,B
17031670700,C
36081059100,C
36005034300,B
6037183510,C
17031283100,D
36081115900,C
12031002902,D
36081052500,C
47157001300,C
39049001110,C
36047021800,C
6075012901,C
6037191120,C
40143001700,A
29095015400,D
17031260800,C
48439104100,B
36055008000,C
6037211704,C
17031813100,C
27053009500,B
36047088600,C
36005044200,C
48453000803,D
36047027200,B
25025092000,C
6037700200,C
42101013602,D
17031171100,C
36081036500,D
36061019800,D
24510160600,C
6037240600,C
36081018101,C
20173000400,D
34013021801,B
6037670326,A
47157006800,D
6073001400,B
6037209510,D
26163526400,D
36081050700,C
36081025302,C
42101007800,C
17031813500,C
17031670200,D
25025000503,C
39035141400,B
36047017100,C
6037534404,C
36081143500,C
6037191720,D
36081039400,C
6037533602,C
6037533603,C
6037185310,D
24510010500,D
39035120801,C
27053101900,C
36047066000,B
40109105500,C
44007001300,C
6037216900,B
17031301600,C
17031430600,B
36055000700,D
6037191610,C
25017350200,C
6073001300,C
36081027000,D
17031681000,D
42003560600,C
9003501300,C
40109102300,B
36005016000,C
36055005300,D
6073003401,D
39035112301,D
39035112200,C
26163512900,C
39099800400,D
42091202302,A
34003010100,C
26125173000,D
18097330106,C
26163536200,B
44007013702,A
36081026400,D
39153506600,B
42101016500,D
26163543100,B
51740211400,D
6037183810,C
6037576403,C
48453000205,B
6037231400,C
29510112300,C
6037481603,C
55079005500,B
48485010800,C
6037203800,D
47157006900,D
42101017602,D
42101034000,B
36047084600,B
6037534802,C
36081023500,C
48029170401,D
25027730901,B
6037531202,D
17031400800,D
6037554405,C
26163566900,D
17031811401,C
26163507800,D
6037218900,C
17031040401,C
39035161700,C
40143001200,D
25017370101,C
29510116400,C
40109104200,C
26099258700,D
36081032700,C
6037221500,C
48201410401,B
6037603802,D
24005400600,B
36047026600,B
6037239501,C
42101010700,D
26163531900,C
36081027400,C
25025091500,C
29189216900,B
34017016700,D
48029160501,C
17031070600,D
55025000901,B
42101027600,B
36005032600,C
36005022902,C
48029140400,B
17031291200,D
36081065703,C
55079003800,B
42003080700,C
6037195201,B
48113005200,C
42101010600,D
36081086300,C
26099258200,D
6037701302,C
6037432601,C
36081056700,C
20209041100,D
36081019400,D
17031832200,D
48201313000,A
19013001800,D
36081005300,D
36047025400,B
36081085900,C
6037294810,D
19163012100,C
26163522000,D
18097342400,D
24510200400,C
36119006801,A
17031430101,B
49035102100,D
25027733102,C
42101019800,C
49057201400,A
36047062000,B
36047036002,C
36055005200,C
36081004001,C
48029130500,D
6037301502,C
6037482503,C
25017370201,B
44007016500,A
6037231720,C
55079003000,C
6037294510,D
36093020102,C
17031190300,B
36081027900,B
36081028000,C
34017018900,D
36047057200,D
13021011500,D
36047011000,D
36081026902,C
17143000300,D
36005020502,C
40109103300,C
6037534803,C
36081145101,C
6037229410,D
36005039902,C
42101002702,D
36047030600,D
39035140500,B
18097321700,C
13245000900,D
26163574700,B
29510110200,B
17031420600,D
26163525500,D
6037700101,C
25025092400,C
6037212306,C
36081056500,C
36005039200,C
48245002400,B
6037461901,C
42101024400,C
36081054700,C
17031031000,C
36085009602,C
42101021700,B
18097321001,C
39035177501,C
40109102000,A
49035103600,A
36005031400,C
34017004500,D
26163537500,B
26125180100,C
9003497500,A
39035118900,D
39035183606,A
6037183520,C
29189216400,A
17031813000,C
36005028600,C
36047152200,B
26163569800,D
36081005500,D
13121003900,D
36047051900,D
6037191203,C
36081059600,C
6037554404,C
36047086400,B
6037530700,D
6037124903,A
36005040800,C
17031062700,C
17031160100,C
36085020100,C
17031831900,C
53033002800,B
17031750300,C
36047082600,C
29095016400,D
42003050900,D
36047026800,B
34017014900,D
17031600400,D
6037267501,D
6037183402,C
48201312200,D
26163570800,D
26163507500,C
36005037000,C
36047050202,C
42101019900,C
6037239802,C
39035102402,C
6037229420,D
26163569100,C
36047079802,B
42101033200,B
21111001400,D
36061013300,D
34013017800,C
26099252100,C
42101025800,B
6037480102,C
26125170200,C
17031670300,C
34013001900,C
18097352300,D
53033002600,B
17031817600,C
6037601002,C
6073002401,C
18097342500,C
6037203100,D
17031222700,D
29510116302,B
26163503400,C
40109106601,C
36005003800,D
36081062600,C
36081059800,C
26163577000,C
36005014701,D
19153001900,C
48113005100,C
25025091100,C
6037600304,C
25025101002,C
17031612100,C
36005033000,C
36081026500,C
36047119800,D
36047024600,B
17031030200,C
18097341700,C
39035101901,C
26125170300,C
39035141700,B
6037240900,C
42003512000,D
9003503700,C
53033002700,B
26163501800,B
41051008800,C
24510140200,D
6037218300,C
6037195903,D
29510116301,B
24510060200,C
17031010202,C
42101033701,B
17031740100,D
39035108701,D
36005017702,C
9001072300,B
55079002600,C
6037232500,C
48113002400,C
17031420800,D
17031051200,C
6075030302,B
17031301100,C
36047087000,B
24510140300,D
6037195902,C
39035121900,C
34003041200,C
25025081300,D
18097321900,A
40109102400,B
6037602508,D
27053008100,B
47037015900,D
26163504100,B
36061029100,B
55079011000,D
17031838600,D
36081045400,C
36081046800,C
36047025800,B
19061000701,B
17031691100,D
36061006400,D
36005008600,C
36005022200,C
36047040000,C
36047085600,C
42101009300,D
25025010204,C
36047029600,C
55079012600,C
40143001000,D
17167001700,D
36081066701,C
55079005900,B
6037195300,C
26163515200,C
17031282700,D
6037221602,D
26163570900,D
36081037600,C
48113019600,B
9001073500,C
36047078400,B
6037620901,C
26163542300,B
6037272202,C
25017350600,B
26163537700,B
6037203900,D
6037222002,D
42101013402,D
36029004402,B
39035140100,B
31055006604,A
6037576901,C
39003012900,B
36061013900,D
24510260101,B
6073002402,C
26163579600,D
36061007700,C
17031242500,C
36047038800,D
6037219010,C
48201410500,B
48029150300,D
36047025600,B
6037222600,D
18097320903,C
34013015600,C
48113019502,A
6075031302,C
24510271802,C
36047086800,B
55079012900,D
17031251600,C
6075032901,B
26163508100,C
36081065702,C
36047050400,C
36081081400,C
36081099801,C
36047120800,D
36047007200,C
42101021200,B
6037535804,B
40109101700,A
6037554403,C
26065003302,C
34013020800,B
26163522500,D
48245010300,A
42003432300,B
33011001800,C
36005033700,B
44007014100,C
25023510300,C
48029190503,B
34013001600,C
36005039400,C
36047068200,C
25025060301,C
6037267300,D
6037431800,C
36005009800,C
42101013700,D
6037240800,C
36047042700,D
19153001700,D
39035183603,B
6037600100,C
17031817200,C
17031671100,D
34017015002,C
36061030300,B
24510200100,C
26125170100,C
6037239801,C
29095007100,C
17031190701,C
42073000600,C
6037604100,D
36061004100,D
42003101600,D
53033002900,B
25025160602,C
6085502002,D
26163505200,C
13051000900,E
36061029300,B
53033003000,B
42101005500,D
36085019700,C
6075010300,D
9001073600,C
19153001000,A
26049001000,B
55079005400,C
6073003202,D
36047080400,C
17031810302,C
6037228500,D
53033004500,B
36085018701,C
17031282800,D
36119006700,A
36081046500,C
17031812700,C
55079004500,C
36005024501,B
42101030502,B
36005027402,C
36005036400,C
6037481712,C
9001071600,D
29510105400,B
49035103000,B
36081003600,C
48113000900,C
26163512100,B
36055009301,D
47157011200,D
36047019200,D
34013020902,B
24510151300,C
25021417601,C
17031440201,B
29189216200,A
36047020700,B
27053110100,B
36081040200,C
36081122300,C
26163571000,D
36005025500,B
25025040200,D
6075026401,D
36005013800,C
36029004401,B
42101007200,C
36081047000,C
36081062900,C
36085012100,B
29189212101,C
6001404900,B
25017370102,C
6075025200,D
29095016600,D
42101013601,D
26163569200,C
20209041000,D
36061012700,D
39035118500,D
47037013400,D
36047083400,B
34003003402,C
36081013400,C
36005032300,A
39035170102,C
34013006400,D
36081065000,C
6037213202,D
29510106400,B
34013004700,B
29510105300,B
36081063000,C
36047092200,D
17031691000,C
36061012100,D
36067004500,B
17031710100,D
36081062300,C
6037240020,C
25017351204,D
36047050600,B
36047052800,B
44007001700,C
36081092500,C
36119002103,A
25025101001,C
17031611100,D
17031400400,D
36081049600,C
6037702803,C
36047005100,D
40109104400,C
36081054200,C
26163580900,C
17031222600,D
31055006102,B
6037602507,D
6001409400,D
36081004401,C
26125183500,C
27053011998,B
26163507900,C
36061011402,A
24510160300,D
6037531902,B
36081124700,C
17031230300,D
17031612000,C
6037141201,B
48113000701,C
34013018900,C
48029110800,B
25025140106,C
6037535803,B
6037570204,C
6001407900,C
6037600303,C
26163554100,C
6073005700,C
34017007000,D
26163518500,C
25005641000,C
26163527200,D
34003003100,C
17031690300,D
27053103900,C
17031530100,D
6001409300,D
40109104800,D
36047050300,D
36047088800,C
6075032602,B
24510151000,B
39099810300,D
36047049200,C
17031420500,D
36081048000,C
36047089200,C
36005018500,D
36055008301,C
36047029000,C
36055003100,C
26163570200,C
34013017700,C
34035052002,C
18097340600,C
24005421000,C
17031843600,D
6037232800,C
6037212305,C
36047046400,C
36081119900,B
36061021200,D
42101018001,D
26163534500,C
21111002300,D
26163524700,C
36081046600,B
42101037500,A
17031190200,C
19013001200,B
6037221402,C
36005024600,C
36081084601,C
6037104701,D
36047035500,B
42003431400,B
36081056600,C
34013011500,D
36005006700,D
25017340000,C
18141002400,C
20173007400,A
36047055300,D
36005014500,D
25027732500,D
44007018300,C
36047000501,B
34013002202,B
48245006500,A
39095001600,B
17031681400,D
51710003200,C
6037576903,C
39095001800,C
34013004900,B
36081013800,C
26163538200,A
36047041800,C
36085013301,D
42003040400,B
6037533401,C
17031670600,C
48201211300,D
17031140200,C
26163513200,C
6037224600,D
53033009800,B
17031090200,B
26163578000,C
34021000400,C
42101019700,C
6037535605,B
22071013100,D
29510119101,C
26065003400,C
39035116800,C
34003019104,C
36047119000,C
27053006800,B
8031002403,D
36065021201,C
17031050300,C
34017017700,C
17031420200,C
55079021100,C
6037201503,C
36061011500,D
6073007702,B
17031271300,C
25025110201,C
17031222500,D
17031838100,D
24510270901,A
6037533300,C
36081063200,C
18097341100,C
36081046300,C
42101002500,D
36119005702,B
17031420300,C
12103028700,D
6001424002,D
36005040702,B
12086001803,D
9003504000,B
26163535700,C
36081039800,C
12086001702,D
34031175301,D
36047088400,C
48201410702,A
36081120300,C
6073003603,D
36047028800,C
36005013200,C
6037213100,B
17031826700,C
26163510700,D
25005640700,B
36081008100,D
25017342101,C
45079001300,D
6037231900,C
42101026200,B
36005043000,C
36047047600,C
17031230900,C
36005031800,C
26163516500,D
17031671600,D
40143001800,C
36005007400,D
26163570400,C
19153000901,C
34013010300,C
42003262000,C
36047013900,D
36093032700,C
4013111601,B
26163575300,C
47157011400,D
36047092800,C
26081000100,C
48029160400,C
42101031102,B
25027731204,C
34039031400,C
36055005600,D
17031630500,C
34017015100,C
47037011400,B
6037231800,C
26163515400,C
29510116500,C
36005029500,B
17031430500,C
6037670003,D
17031221400,D
6037430802,C
29510117400,B
6037601303,D
1073001400,D
36081059900,C
39035140301,B
34013012600,C
6037600202,C
6037481606,C
36047028400,C
39035120400,D
36005011900,D
6037577504,B
36081080301,C
34013018400,D
44007000500,C
6037462301,C
17031151100,C
1073005103,D
26125175100,D
42091205600,B
25005642300,A
18097350500,C
19163010700,D
36005012101,D
18097350600,C
26163570100,C
36047027800,C
26163504300,B
36081047500,C
17031030300,C
36081045800,B
39035121500,C
36061008900,D
36081067700,C
36081033700,C
36029000700,B
42101008302,C
36065025100,B
25027732400,C
26163546500,D
6075021100,C
48113001703,C
17031834200,C
36047021600,C
39035152400,C
39035109301,D
42091202401,A
36081013600,C
34017005200,C
36081033900,C
42101015200,D
26163533100,C
36005031600,C
6075030101,C
49035102300,D
6001409500,D
36055006000,C
36061007800,D
36047098600,D
36081057700,C
36005033201,C
55079091000,B
6037404801,D
34031175704,C
36081008800,C
36081052100,C
42101019200,C
25023510501,C
26163569900,D
36047019700,C
34003023302,B
36061020500,B
25027731202,B
1097001100,D
17031700401,D
17031241600,D
6037602506,D
25025140202,C
36061021400,D
26163577600,C
19155030300,D
26163577300,C
12057005500,C
25027731203,B
6037188201,B
34013002800,D
6075021400,C
39095007600,A
25025160501,C
41051000701,C
6037461502,C
36047117601,C
6037195901,D
42101002400,D
17031490300,D
25025092200,C
26163569600,C
42003140200,A
22071008500,D
8031002402,D
36047020800,B
25017351203,D
34007611700,C
36119002800,D
34017012900,C
9001070900,C
19113000800,B
27053109200,B
6037218220,C
6037204920,D
9003501400,C
25017357300,B
36119004400,A
36081047200,B
34017018702,D
31055005200,C
36047045800,B
36005040502,B
36055003000,D
25025110607,C
6037602004,D
17031823500,C
17031812801,C
34013019500,A
22071004401,D
42101021300,C
36029003400,C
36081018401,C
36081048200,C
48029160300,B
17031690400,C
27123035900,D
25021400800,C
17089853400,D
17031010503,B
1073004902,C
39035177403,B
27053106700,C
36061015802,D
36061009800,D
25025081200,D
41051003402,D
34017018701,D
26163518800,D
18097320304,C
8031003001,C
17031110400,C
25025060200,C
53033007700,D
17031310200,D
48485011100,E
6037601402,C
26099252000,C
36081095400,C
36005024100,C
36005030000,C
36005021501,C
12057004300,D
34013011300,C
29021001000,D
36047087401,C
22071002100,D
34031124312,A
26065003500,C
36047024400,B
36047041600,C
24510130200,C
17031061901,C
53033011700,C
17031815500,C
36029008500,B
36047088200,C
55079009000,C
26163985300,D
8031002803,C
36065026400,C
17031430800,B
27053010700,A
34013000300,D
22071004100,C
36085000900,C
26163546800,D
36081044000,D
26163521500,D
42003250300,D
36061009300,D
19153003901,D
6037208710,C
42101023500,A
6037128102,C
34017018000,C
36081118100,C
36047077000,B
36001001802,C
39035104300,D
17031814900,B
36061017100,B
34031182700,C
39035101501,C
20173003200,D
18141001600,A
21117060300,C
6037482401,C
6037219901,C
42003101700,D
36047044700,D
48029171000,D
9001021802,B
25027731400,C
17031100600,C
34017006500,D
42101001800,D
36047091800,D
36061007000,D
6037531901,B
6001423400,D
36081118900,B
26125175000,D
26125173500,C
17031010600,C
26125180200,C
42101001400,D
26163580700,C
6001407102,C
36047063800,B
34003019202,C
6037218210,C
6037222200,C
36005002300,D
34017019000,D
47093001400,D
17031040800,C
36081062500,C
40109103700,D
36047011700,D
6037531800,B
41051004800,C
42101001900,D
36047078000,B
6037621104,D
36081006100,C
6037432901,C
6001408800,D
36065021401,C
25017312502,A
39153501700,C
36029004601,B
6075047802,B
42101001500,D
42003050600,C
6037211122,C
36047111000,D
17031071300,D
6037219300,C
34017012300,B
26163577500,C
36061009000,D
34013021802,B
36061009700,D
25021417502,C
26163536400,C
55079080200,B
40143000600,D
26163531600,C
36081045700,C
36061016700,B
6001408900,D
36081045900,C
26163570600,D
36081035700,C
42101027700,B
36047059800,D
48029150900,C
17031381900,D
17031620400,C
6037670002,D
49035103300,B
36047048200,C
26081014100,C
26163504400,B
42101014100,D
17031242900,D
29095006600,C
42003472300,B
13121004800,D
39113003201,B
6075017102,C
36061027300,A
26163501200,A
47065002900,B
6037187200,D
6019000502,C
6037189902,C
6001427900,C
34017017200,C
17031230700,C
34017014400,C
6075047600,B
17031110502,C
36081051700,C
6037300501,C
12086002706,C
36047119400,D
6037294421,D
1073001500,D
26065002600,C
26163530400,C
25009205600,C
36119003900,B
36047083200,B
6001401600,D
26163573400,C
17031711300,D
6037213401,C
6073003103,D
47037017701,A
26163575500,C
39035196500,D
25021417501,C
17167000800,D
31055003402,B
36061007300,C
13121001001,C
36047039800,D
36047015300,C
22071003100,D
6037531302,D
34017002800,C
17031243000,D
44007000700,C
42101029400,D
36081015900,D
26125172500,D
36047082800,C
36081046100,C
36061014500,D
39035119502,C
36047078600,B
17031460500,C
48113001102,B
36047026200,C
36047062800,D
36047089000,C
17031381700,D
26163575200,C
36081065600,C
6075020401,C
6037577300,B
36081017200,C
6037273300,D
36005004600,C
36005025100,C
34017015202,C
36081036800,C
36047100800,D
6037535200,D
36047060000,C
36047031702,C
44007002800,C
36061006600,D
36005041500,B
34017006700,D
55079013400,D
21111013100,A
34003057200,D
36063020600,B
36047036600,C
25025120105,A
36005023000,C
17031834400,C
6001407700,B
18097321800,A
17031271200,D
26075000100,C
34013000800,C
17031812200,B
42101037700,D
34031181400,D
55079004600,C
17031841500,D
17031700501,D
6073003105,D
1073000300,D
26163506600,C
6037620904,C
25017357400,B
6037700700,A
42079200400,A
34017005900,C
17031243100,D
49035104800,B
34017006800,D
34003045100,C
6037234901,C
6037241400,C
26163516400,D
34031163500,C
1101000400,D
4013114302,D
47157003800,D
26163513900,C
21111002800,C
49035104100,A
17143001600,C
9001060600,B
48113000603,B
36081058000,C
36081055900,C
39049005820,C
26125165000,C
36047067000,C
17031807400,B
9003500900,D
26163514100,C
17031242700,C
39035151400,C
34021000600,B
25025100300,C
36047099400,D
36061030700,B
17031818800,C
6001405901,D
6001421400,B
42101015102,D
18097320301,C
24510070100,C
6037221303,C
36005043100,B
36005002701,D
36081018700,C
36061020600,D
17031090100,B
36067000700,C
17031243200,D
6075025100,D
49035100500,D
12057003800,D
36047055600,C
42077000800,B
17031819300,C
36005021001,E
48029150700,C
36047114400,D
47157011300,D
48375010600,D
26163536700,C
34017012600,B
36047088000,C
42101033702,B
42101013401,D
55079018900,C
22071014000,D
1101000200,D
21111001600,C
17031681200,D
26163570500,C
36081027300,C
6037651304,A
36081024500,C
21111001500,C
34001001500,D
6001423000,D
1101001200,D
34013017500,A
36005023702,B
26163521300,D
36047033100,B
6037701802,D
36029000600,B
36047051601,B
26163511200,D
36047046201,C
36061013200,D
42003464300,B
40109106401,A
6037189500,B
42003040200,D
36081078800,C
6037194300,A
34013006200,D
9003496800,C
25017311500,B
18097355100,C
36047032900,B
36047036001,C
48029191900,D
13121001500,C
39113010200,A
34013000600,C
39035183300,A
22071004800,D
24510272003,B
36081113300,C
6037482201,C
26125173100,C
36047061200,B
36005001600,D
36029005202,B
25021400400,C
42101024300,C
39035119401,C
25025120600,C
36047040300,C
36081060300,C
25017351100,C
29095006000,D
20173000100,D
39035105500,C
34017015900,C
34013000900,C
55079002700,D
48029160100,D
20209040900,D
36081009400,C
42101004001,D
42003281500,B
17031060100,C
17031070102,C
48453001604,A
34031182301,D
41051000501,C
27053100700,B
6073000600,C
25005642200,B
6037433901,C
17031821401,D
17089853500,D
6037530602,D
36047003900,D
6019002601,C
6037265303,C
36081085700,C
6037311300,C
6037269905,C
26065001703,C
36047150200,D
48201410701,A
25025000201,C
6037267403,D
6001423200,D
17031200402,C
6037141202,A
27053110200,B
48029180300,A
36081017000,C
36047008400,D
6037190301,C
6073003403,D
36081008300,D
6001406500,C
34039031500,C
42003090200,C
20209041900,D
17031251500,C
36063020700,B
9001073300,C
53033007402,C
6037218110,C
34039030702,C
42043020400,B
36055005800,C
39035183502,A
6037190801,D
12086003100,D
34017014700,D
48113005000,C
34013010500,C
36055006500,D
25017351300,D
6037701602,C
42101003600,D
27053108900,B
36005006900,D
21111005200,C
36081035800,C
17031243300,D
36055004000,C
34013022800,D
42049001700,C
24510200300,C
36047047700,D
42101002300,D
47157002100,D
8031001800,D
36081043701,D
48029180102,A
26163501400,B
6037237300,C
36081022002,C
22071011200,B
42091202000,B
34017002200,D
17031837800,D
36061011401,A
48113001502,C
42003141300,B
42003430100,B
17031071200,D
6037222500,D
26065002000,C
6001432200,B
6037125401,C
26163531200,C
36061012400,D
17031815900,D
6037575201,D
12086006711,C
36063021400,C
37119002701,A
39099802800,C
12086004301,B
36081145102,C
36047022200,C
36047040500,C
39099803000,C
6001420600,B
39049000920,C
36081026901,C
36081007500,C
47037014200,D
48201511500,C
36005025300,C
6037433304,C
31055002900,D
42003472100,B
36005042902,B
36061023502,D
6037701702,D
12086006713,C
34013006600,D
39153502101,C
48113001101,B
34013001400,C
24510120100,A
26163524500,D
6073003404,D
34017019200,D
34017000700,D
44007002101,B
25025170100,C
26081001200,C
6037297602,D
36061019900,B
25025030400,D
47065001300,C
36047007100,D
25025061000,D
6037542601,D
18097354700,C
42101015300,D
48029160901,C
9001073900,C
34031182900,D
24510030100,D
22071010100,C
36061011201,B
47037016900,B
26163500900,A
36081003100,D
36029010201,B
42101012000,B
6037700300,C
31055006101,B
36047039400,C
33011000300,C
17031836300,C
25025091300,C
42101014700,D
36055006700,B
6001421200,A
36119002201,A
18089030800,C
6037553902,C
26163521100,D
36055005700,C
19193000100,D
36029003800,C
26163574000,C
42003515200,B
42101010800,D
4013113900,D
36005004300,D
6037128210,C
6037212410,C
36029005801,B
25027731500,C
9009154800,C
36005005400,C
28049011500,D
36047020200,B
34013015100,C
36047115200,D
36005014100,D
34031264200,D
36081092200,B
21111001800,C
17031812500,C
25017351404,D
26125184600,C
36055013701,C
20173003600,A
42101003901,D
25017352500,D
20209040800,D
36047049500,D
39035141500,B
6037571704,C
6037124500,B
36119002202,A
36005023600,C
36061011100,D
6037275102,C
36047035601,D
51700030600,D
6073002602,D
36067000300,B
36047034700,D
40109104300,C
18163002000,C
51760040500,C
55079006200,C
26163511900,D
17031251700,C
34017000300,C
6037573202,D
36081038100,D
48141001900,D
29510108300,B
36047057000,D
21111002400,D
17031420400,C
49035103200,B
36029008003,C
42101004002,D
6037294520,D
6001402200,D
42101014000,D
39035120702,C
36081014700,C
36047039000,D
36005042600,C
44007001100,C
36005027700,C
9003503900,B
17031837100,D
42079200700,A
36081071900,C
36047063200,D
13215000300,D
53033008600,D
36005018302,C
36081079000,C
34013016200,A
6001422500,C
6037221302,C
55079010600,D
39035141601,B
26163524900,D
6067002800,C
39035102300,C
18097354500,C
42101002200,D
9001071900,C
34023004200,C
6037554203,C
25013811000,C
22071001600,D
39153509000,C
36055005000,C
42101007000,C
36047033600,C
31055005400,B
48029170101,D
22071002402,C
36081048100,C
34003054300,B
17031810800,B
39035111600,D
29095008400,A
6037430724,C
34013011900,C
36081011200,C
34013021400,B
34013001000,D
6037212502,C
42101014600,D
6037212900,B
13121004900,D
42101011000,D
34013001100,D
6073000202,B
39035183605,A
36081093401,B
6037532900,D
49035103100,B
6001423100,D
17031040700,C
6037571600,C
6075023102,D
6037572700,C
55079014800,C
36061014000,A
26081004600,C
36047012901,D
36081161700,C
17031220902,C
26163523300,D
42101003002,D
36005005600,C
42101003001,D
36047081000,C
34023004300,D
48141001002,B
9003524501,C
12057003900,D
25025090300,C
36081051500,C
26163523800,D
8031000903,D
6037670328,A
25017352900,C
36067005200,C
36061019300,C
17031839800,D
6037301802,C
53033011402,D
48029150600,C
41051000602,C
36047026400,C
25005651002,A
36081045600,C
34017000500,C
6037531603,D
36005026702,B
29189219100,B
34017006000,C
17031816401,D
39035116400,D
39095005703,C
21111006800,C
36047059402,C
39113020200,A
42101001700,D
19013001100,B
26125153300,C
6037603900,D
42003260700,B
36067002700,C
26099250600,C
41051001500,B
42101004201,D
55101001002,C
26163526100,D
48113019800,A
42003250700,D
39099800600,D
34013009700,C
25005652500,C
6073007908,C
25017340100,C
36081015801,C
9003497300,A
27123032300,B
49035100307,D
34013019800,A
17031580501,D
49035103800,B
39003012700,C
48453001401,B
36093021700,C
55059001100,D
36061011600,D
36061021703,D
36061023200,D
17143000200,D
26163569500,C
22071002000,D
6037125501,B
34013002600,D
6037433403,C
42077001700,B
6037601211,C
39035185203,B
25005642400,A
36081092800,B
49035102801,D
34017010900,D
42091201607,B
6001410500,D
42077002201,A
34003019306,B
6037460502,B
21111007602,C
37067000301,D
34003021400,D
48439123400,C
42101020101,C
23005002300,C
49057200202,C
25005652000,B
36047003600,B
6037237101,C
18097322300,A
34013001300,D
8031002802,C
36081024000,C
34007604100,C
36047053400,C
25025140300,C
53063004700,C
17031160700,C
18097322200,A
47157006700,D
36085003600,D
36047012801,B
1101001600,C
31109002300,A
36081044301,D
26163579700,D
36065021602,C
17031150200,C
34017016600,D
29095011700,D
39035119800,D
17031580700,C
6073007301,C
29510123300,D
36047082200,B
36047061004,C
34003010200,C
6037481604,B
6037620305,C
39035141100,C
47037013800,D
36005016700,D
39049003800,C
51740212100,D
19013000200,B
26145000700,C
36047044500,D
17031600900,D
31055006400,A
6075042800,A
36047022600,D
36081100802,C
39035108301,D
6037701202,C
34013018100,C
39035109801,D
26163537300,C
6001402500,D
48029170900,D
36047052300,D
12103020800,D
26075000500,B
13021010400,D
6075026002,D
39095004503,C
27123034900,A
40109100500,C
39153503300,C
6019002300,C
6037213310,D
47037014400,D
25005652400,B
42101013200,D
29095009300,C
24510271002,B
19153002800,A
36047120200,C
42071013503,A
6073000300,C
6037603801,D
6037302004,C
39049005810,C
17167001500,D
13121001600,C
49035101800,C
6037212203,C
40109100700,A
42101013500,D
36061000800,D
31055005500,A
13089020400,C
6037213320,D
47157000200,D
48167724500,D
17031570300,C
20209040700,C
53063003000,C
18141003300,B
34031175703,C
36067005800,C
19153001800,D
36047061003,C
36061019600,D
39035161600,C
6037297110,D
25017351000,C
22071009700,D
36001001902,A
48245011800,B
42003180300,C
42003290400,B
6001420100,B
36081148300,B
13051011300,C
26125184400,C
26099268000,C
42091201704,C
36065021500,C
6037214600,C
12103020500,C
17031580502,C
24510260800,D
9001021500,D
36005039500,D
39035117400,D
17031020200,B
36005048400,C
34013019000,A
36081084500,C
36081051200,C
48167724900,B
18163000400,A
6037181500,C
39153504100,C
36081055400,C
42101006000,D
36047019300,D
34031181300,C
25017339900,C
36047119200,D
17031130300,B
34007605700,B
24510080102,B
24510261100,D
17031580800,C
6075015900,D
39113001100,B
12086005406,C
34031143300,C
6037221110,D
48113003902,D
55079007600,C
6037237900,B
42049002400,B
6037221810,C
26125141300,C
22071002700,D
6037302003,C
42101008601,B
55079016700,D
27123032200,B
42101016701,D
47037017000,C
36047113400,D
6073003113,D
34031180700,D
17031110300,C
36047024000,C
6075015200,D
17031150402,C
6037209402,D
25017311400,B
17031430400,C
17031170200,C
53033010402,D
36081063301,C
34013021602,B
17031030601,C
41051000901,D
6037234700,C
17031630900,C
34013001800,C
53033009400,D
36119004900,B
55079013000,D
17031090300,B
47157005700,C
6037195600,C
19153005300,D
36029004900,B
55079015800,D
36047058400,D
36081028500,B
6073004100,D
51760041200,D
36005016100,D
6037572302,C
34013004500,B
36081069300,B
9001080700,B
26163542100,A
13051002700,B
36081023200,C
36061017500,B
34013008800,D
36081100801,C
9003500500,D
6037481402,C
20177001100,D
36081146300,C
18167001200,D
36047120000,D
26163574800,A
6037209403,D
13021010100,D
39049001820,C
19163012200,C
6037269700,C
6075032801,B
6037192410,C
21111009800,B
18097355600,D
31055005700,B
25027732901,C
26163535500,C
51710001600,D
31109002002,B
25023511500,C
6037221820,C
41051000601,C
6001424001,D
6001403701,C
44007000200,B
13121004100,C
42101036501,B
41051002401,B
39049001810,C
34013002100,B
26163553100,C
36005026300,C
48201210700,C
36047047000,C
36005041800,C
6075013400,C
17031812302,C
6037275500,C
6075061200,D
6075026004,D
6037214901,C
42003260200,B
49035101000,B
6001428000,C
39035113101,D
25017310602,B
13051002600,B
34017003000,D
21117065000,C
17031821700,B
8031002702,C
36119001402,C
36081051100,C
42003192000,C
25027710400,C
42101024700,C
9001080100,C
17031821300,D
17167000900,D
29095016500,D
49057201700,D
6037533107,C
19153003902,C
12086005405,C
36047051602,B
26125173600,D
34013018200,C
22017023200,C
36061010800,D
13121012000,D
40109103000,D
34001011900,C
25017355000,C
36081008600,C
51760021200,C
12103023200,C
6037212303,C
17031030102,C
39035106800,C
42101001101,D
18003002800,C
27123033700,D
6037301300,A
6037213402,C
36047040400,C
22071009400,D
36029011100,C
36047008500,D
6001407000,C
6037571703,C
51760040400,C
19163011300,C
42101026500,B
55079070300,B
26163550300,A
4013113201,C
36047042800,C
42101035200,C
39035154603,C
6075020500,C
37063002300,D
6037273700,C
6001403502,C
36029003100,C
36005028800,B
36029003302,C
17197880905,C
6001402700,D
36005026701,B
34013004300,C
6073004300,B
6037620101,C
36047044300,D
36081011100,C
17201002700,D
40109101000,B
36119001800,D
6037461100,C
21111006500,D
6001426100,A
26163532600,C
1073003700,C
24510270600,B
39035118200,D
25025120700,C
36047030200,C
4013113202,C
42101021900,B
6001423300,D
42091201705,B
12086002501,C
6037600704,B
6073003004,D
34013021300,B
36029002702,C
39113003900,C
48029130600,D
39049002760,B
47093007000,D
36047039700,C
36047058000,C
27123037200,C
6037208301,C
39095000200,B
36061016800,D
17031010300,C
42003562400,C
17031460700,D
42003191400,C
36119001900,C
29510103700,B
34013014700,D
42101028100,B
42003561900,C
25017356602,B
34003030200,D
12086002004,D
42091204300,A
6037209401,D
25005641900,A
36081093402,B
6001403900,B
34003011200,C
29510123200,D
6037238400,B
39153507102,A
39049002900,D
48113004700,C
36029002900,C
51550020300,D
36005011800,C
17031140400,C
21111004600,C
6075025800,D
36081039900,D
17031020702,B
25017374600,C
42003120400,D
17031292200,D
34039034200,B
6001400800,D
18097321002,C
36061010601,A
6075047701,B
21111001000,C
6001422100,D
41051002801,B
6037183701,C
17031151200,C
17031051300,C
27053106900,C
36047002300,D
40143001500,C
6037224320,C
55079015700,D
6037501503,C
44007002300,B
6037199202,D
17031160601,C
24510120500,D
6037215102,C
13121002900,D
36081162100,C
6001401500,D
36055005400,C
29510112400,B
51710004200,D
36047112800,C
17031030101,C
55079017100,C
34017012400,B
36081003400,C
36119003400,B
47157007400,C
34017015700,C
36061002602,D
19163011200,C
6075032601,B
40143004500,A
17031814500,C
42101005400,D
26163501700,C
34031125000,C
42101002900,D
6037464200,A
36061019701,B
29095016000,D
6037296600,D
23005002200,C
36061007100,C
17163500900,D
6037576700,B
24510080500,C
17031840800,C
48201411900,A
6037125502,B
39035140400,B
12057001600,B
36119004700,A
26163526200,D
36085013400,C
29077000200,C
53063001500,C
13121001201,C
36047030000,C
17031809200,D
17031040900,C
42101011500,B
39035140600,B
39035183401,A
26163538400,A
24510090800,C
6037481901,B
22071001500,D
36081054000,C
25017352600,D
17031580600,C
6037239502,C
31055001100,D
53033009701,B
6001405401,C
36029000900,B
39035102101,B
39035112100,D
12057003000,C
48113000702,C
36029003301,C
36081056000,C
36047029800,C
39113010100,A
9003497100,B
26163566500,C
21111007900,B
36005027300,C
6073005900,C
17031310800,D
42101028200,B
24510190200,D
36047073000,B
6037212800,B
48453000500,A
39153505700,C
26163539400,B
48439102500,D
26163550100,A
22071011500,C
34007604200,B
42101038000,C
41051007500,C
9001020900,B
6075026001,D
12031001500,D
51710004600,C
34017011000,D
36081002000,C
29189213900,C
6037432802,C
6001405000,B
20209042600,D
36055009500,D
17031827000,C
36005040100,B
42049001300,D
18089012000,D
21111006400,C
54011001300,A
18097350800,D
22071011600,C
39153501900,C
18141010600,C
42003080400,C
53033010702,D
36061017800,D
36005036100,D
17031020701,B
34035051900,C
48029150800,C
36061014900,D
48029120300,B
42091202100,B
19013001400,A
25017352200,D
34003037201,C
17031620300,C
42049000800,C
48113003901,C
34017001400,D
53033010500,B
42049000700,C
38017000700,E
36029004700,B
17031611500,D
36081063800,C
27123042800,D
6075015300,D
36081015200,C
34013017600,C
55079013300,D
36061015300,D
39099812400,C
36047048600,C
36061026500,B
42101008400,C
36061026300,C
36119002403,C
39099801200,C
9003497200,A
34007604300,B
22071000800,D
55079003600,C
26163530200,C
36005021200,E
25017336402,C
48113001302,C
36081029400,D
42101018300,C
55079011300,D
47157001200,C
36015001100,C
33011002200,C
36047081600,B
41051001301,C
36047021100,D
31055002800,B
27053007700,C
34039034700,C
6037209300,D
39035110801,D
55079101400,C
24510270703,B
36047044100,D
6037212204,C
39095006900,B
25021400700,C
48201410900,A
9003500300,C
29510112200,C
55079007000,C
6037296220,D
6037204600,D
34039033400,A
17031806400,C
36047025700,D
53033008800,D
36029003700,C
34017005801,C
34013023100,D
40109102700,D
25025100100,C
19113002700,D
6001403800,B
17031200300,C
19153000201,C
17031710700,B
31055006603,B
6037531604,C
6075021500,C
42003563200,D
42003260900,C
19153003200,A
39113000801,B
17031720600,B
34039030200,D
36047045200,C
22071011900,B
47157011100,C
25025060101,C
36005005200,C
36047067600,B
22071001302,C
39035153104,C
22071000904,D
42101010500,D
17031200401,C
6037554802,D
29095005801,D
36005016500,D
53033007900,D
17031440101,B
48029140100,C
41051002701,B
25017341500,D
51760010401,B
17031840700,C
36047015100,C
42101008802,C
12031002901,D
51740210400,A
39035151500,C
17031681300,D
26163550600,A
24510270200,B
36085018902,D
36047066200,C
6037480012,C
48167724800,B
55079017300,C
19153005100,D
9009351601,C
27053111600,A
36061026900,B
17031040202,B
34017017100,C
17031831600,C
17031831700,C
12086000807,D
42079200800,A
42073000700,C
49035104900,B
36081029500,C
48375012000,D
9001030300,A
25009250900,D
24510260201,B
13089020700,C
42013100400,C
25017311100,D
34017015600,C
20173000800,D
13121001100,C
17031310700,D
48029140300,C
17031711100,C
6037209103,C
36081098100,C
25013811301,C
9001061300,C
53033010600,B
42003320700,C
25025100900,C
34039032200,B
25017310200,B
25017373700,B
25025070402,D
17031821800,B
6037273902,D
29095002300,D
29095005500,C
42101019000,B
18097350400,B
6073002002,A
36061018700,B
36047085400,B
9009350500,D
36007013800,C
27123030900,C
36047081800,B
17031842000,D
6037208401,C
6037600801,A
42101013300,D
12086006714,B
25025130300,B
27053103100,D
22071003400,D
36047057500,D
55079009200,B
36081094203,C
27053108600,B
47157002500,B
39153505800,C
47037013601,D
36005039901,B
17031070200,C
25025160200,D
26163522400,D
6001426200,B
25025110501,C
25023510400,C
13121001800,D
36081099200,C
51710003300,C
51710001100,C
36061013800,D
34001012402,C
27137001200,C
36029000800,B
39153520103,C
42003040600,C
26065000800,C
34013009900,C
34013016900,A
41051001900,B
53033005200,B
8101001500,A
36047032700,B
6037219020,C
36081015100,C
51710002600,C
53033010401,C
39035119702,C
36055006600,C
6001400300,C
27123036400,A
40109104700,D
6037186100,B
39035124300,C
6037240010,C
25005650900,A
34013004200,D
17031160200,C
47157006400,B
6037573100,C
21111007601,B
6073003304,D
6037541604,C
19163011800,B
36047038600,D
6001403702,C
47093001600,C
34023004400,C
24510120600,C
31055004200,B
6037101220,C
29095002200,D
39049009100,A
36067003900,C
24510271102,A
39035151800,C
20173002600,D
24510190300,D
6037297201,D
36047050900,D
26049002000,D
6037542105,B
6037302103,C
6037191500,C
49035101101,C
39035184106,C
6037272100,C
36081059500,C
13215001800,D
36055007600,C
36067005400,C
20209040600,C
25025070700,D
48029150501,C
48029111000,B
17197882601,B
24510272006,B
17043843900,C
51710003000,C
27053108000,B
24510200500,C
36081058200,C
39035101800,C
1097000401,D
6073007910,C
39113002700,C
48201211600,C
42101022000,B
6001410100,C
25017357500,B
39035141200,B
6037229300,D
22071009600,D
17031171000,C
29510105200,B
6037273600,D
25017310500,B
36067005601,B
26163577800,C
55079003700,A
24510271001,B
39035177104,C
31055002100,C
6037270100,C
36081020400,D
36047028000,C
39035181204,B
36081012100,C
1073003803,D
48167724700,B
51710002700,C
36029016900,B
48245005600,A
36061023400,D
44007000900,C
40143004302,A
54011001800,C
42003191900,B
44007013701,B
36061016300,B
39113000900,B
17031809900,B
29510102100,B
12086002403,D
34021001402,B
24005430104,C
53033011900,C
22071001401,D
36081079200,C
42077001600,B
17031826600,B
36081069702,C
34013001500,D
24510260301,B
6037208502,C
33011002300,C
25005652800,B
53033006100,B
36047045600,B
34017000902,D
36081140300,C
17031843300,D
36047112600,C
22071010300,C
53033004400,B
39113002200,C
36047034500,D
34039031903,C
42101024600,D
6001427800,C
21117060700,C
53033005100,B
36055003900,C
36065021701,A
36081068700,C
26099255600,C
12086004102,A
6037600201,C
39035111700,C
44007017400,B
22071001900,D
34003054500,B
18089020500,D
6075047801,B
26163577700,B
12031002802,D
34039039600,B
48113006302,C
26099250700,C
42003516200,B
17031440202,B
42101017702,D
36081112900,C
29095016200,D
6037275603,C
36047081400,B
6037570403,C
34003019204,C
42101020800,A
36061023100,D
12086006501,C
36119005400,B
26081000200,C
41051003301,D
26163545200,C
55079020600,C
31055000200,B
9001072900,C
34007603001,C
36081019200,C
39095001700,C
34007603002,C
36047015500,C
42003465800,B
34013016800,C
17031835000,C
26163522300,D
34013017900,A
36081117500,B
17031430900,C
27053000300,B
42101027200,B
18097310308,C
53033010701,D
17031480200,C
18141010700,C
22071006500,C
39151700300,C
17031191301,D
23005002101,C
25027730401,B
36047034100,C
27123033600,D
34003017300,C
36055008701,C
12031001600,D
34017014200,B
36081049700,C
26145002000,C
6037602106,C
36061015700,B
39035121403,C
42101016702,D
34031181500,D
17031491200,B
6037208904,C
41051000502,C
34007605400,C
6037533501,C
6037265602,A
27053105400,D
19153005200,D
48375010400,A
36047036100,D
17031806201,C
6037186403,C
34039034800,A
25025081100,D
39035150400,C
34039039200,C
6075022702,D
39035119501,B
34007605900,B
39095003700,D
34007605602,C
23005001200,B
24510150702,B
36029006902,C
36061017900,B
36005038600,D
25025170800,D
36119007100,B
36081015500,C
36065021202,C
25009251100,D
6037481202,C
17201003200,D
36061025300,C
42049001800,C
36047036502,D
34017016200,D
6037271300,B
39095000400,C
36065021601,C
22071001301,D
36047015700,C
17031740300,D
55079003900,B
6037535101,D
53063002000,C
36047053000,C
36081064101,C
6067000400,C
36055006900,C
26163545100,C
6001403600,B
6037533001,D
36047082000,B
36093020500,B
19155030501,B
19193000200,D
36055008100,C
42101027100,B
25025050700,D
29189212200,C
17031813600,C
36029003600,C
42101038200,D
26099263200,C
36047080200,B
27053003300,C
12086005304,C
29095004600,C
34017013100,C
26081002500,C
36081005800,C
39049002800,D
17031814700,C
6001421100,A
48201312600,A
42091204500,A
12086007101,D
20173001000,A
51710005800,D
42101032300,C
44007017500,B
47065012200,C
48453000304,B
6037302002,C
34039030900,D
36047094600,B
26081002900,C
19153004300,C
25017341800,D
6001405402,C
6073007907,C
17031560700,C
6037294610,D
39035122300,C
25017311700,B
39153506400,B
17031020901,C
20173002900,D
9003501700,D
13051011400,C
53063002900,C
36005021002,E
25017350500,C
36029002800,C
31109000800,B
36047080000,B
42101006700,D
29510104200,B
18141003000,C
36061018300,B
42101025600,A
9009350200,C
55079004800,C
42003040500,C
34003038200,C
42101030501,B
36005022102,B
36047037401,D
36085031902,D
47037012100,C
53033011600,B
1097001001,C
34013019600,B
25023511400,C
36081026600,D
55079020700,C
47037011900,D
25025140400,C
55079007700,C
27053010600,A
17167002300,D
34003033200,C
17201002400,D
36081061900,D
13051001200,C
25009250700,C
36047116800,D
6037185320,D
17031813400,C
36081014500,C
6037621001,D
19061000900,B
27053105700,C
44007015000,A
6037577200,B
36067005900,C
41051003702,B
39035121800,B
47157011500,C
37067000600,D
34031264101,D
26121001300,D
29095016100,D
36005022703,B
34017013700,D
48245006300,B
36029005900,C
6037143300,B
34003030300,D
17031815701,B
48439101402,B
24510150200,C
34003031200,C
25025030200,D
17031841000,D
12086005201,C
19153004200,D
9009351400,C
4013110701,B
44007015700,B
25017339300,C
6037302503,C
21111006600,C
24510280200,B
6037301702,C
27123033500,D
39023000300,C
27123036900,D
6073000400,C
42101025700,B
17031460600,D
25017341102,C
6001400900,D
17031700302,D
36005017300,C
36047115800,C
25021418102,C
17031440800,C
6037228320,D
42043020700,B
42003552000,B
17031191100,C
39151700600,B
34039032800,D
36055007500,C
29510111300,D
55079070200,A
17031710200,C
42049000500,C
18089011900,D
17031310500,D
24510120400,C
6037481713,C
25025040100,D
17031080202,D
36001001901,B
25017339400,B
26081003100,C
8031004201,B
26163521900,C
34003047100,C
42101026400,B
6037194401,C
34039031801,C
39153503702,C
42003111500,D
26163524200,C
25025060501,D
31153010615,B
39035114900,D
36047052500,D
18097354400,D
26125175200,D
17031030103,C
17143004300,C
6085501200,C
19153003002,A
36005003500,D
9001061400,C
36093033300,C
25025981600,C
39153503701,C
51710000400,C
6037554101,C
55079187000,C
17031460200,D
26065000100,C
1073003900,D
24510230100,D
48201210500,C
6037535503,B
6037227010,D
36005023502,B
29510124300,D
26163534600,C
17031720300,B
34017017300,C
17031490400,C
6037670324,A
36067001400,C
39113004200,D
47037019400,D
29510105500,B
6037194402,C
36047041402,B
17031671800,D
19153001200,C
6037188202,A
1073010703,B
17031081900,D
36047057600,C
6037262704,B
26163534200,C
6001406900,C
34021002601,C
42101034900,C
22051022500,C
6037197410,C
39035130106,B
34021000300,C
36047057800,C
48113001504,C
18141000100,C
31055002400,C
26125173300,C
36047031500,C
26163525000,D
24510160700,C
6037535702,B
12057003200,D
9009142200,D
6037310202,B
6037531702,C
36047016200,B
6037701201,B
44007001800,C
55079009800,C
36081103201,C
42133001200,C
36119002700,C
48201510500,C
27053105600,B
36081027700,B
25021416300,A
36005027900,C
17031220300,D
39035154100,C
41051000801,C
6037480201,A
6075035100,B
51760010800,C
39023000700,B
55079014600,D
26163501600,C
34001000200,B
17031140100,C
49035102701,C
48201320100,B
9001060800,B
6075015500,D
36015000500,B
6037188300,C
6075020200,D
21111006200,D
39035154604,C
42003430200,B
36005024300,C
6073001000,C
25009260700,C
55079011200,D
36093021200,C
42003191800,B
42101017400,D
17201001200,D
27123042900,B
42101003902,D
17031819200,C
42091200309,B
6037241201,B
48029110900,C
6001404700,A
42091201800,A
28049011400,D
42003051000,D
6001404101,C
17031530200,C
17031671900,D
12086005302,C
25021401000,C
34017013500,D
9001061500,B
25023511200,C
36029004200,B
25009250500,C
48029190800,A
36061008603,A
8031003401,B
36047017400,C
48141000600,C
40109105600,D
6037228210,D
1073003200,D
34031133702,B
17031814300,D
6037577501,B
17031191302,D
23005000200,C
25005651700,B
39035161000,B
36061019100,B
26081014200,C
6037265201,A
36081069400,D
6037267402,C
29510120200,C
36005037400,C
6001406300,C
26163510600,D
34039030400,D
36061010000,A
12086005410,C
8031004403,C
25025010801,B
36005043400,C
26081001000,C
55079004000,C
17031440600,C
6037206032,D
36061002500,D
42003140300,B
17197883700,D
6037433306,C
12086000804,D
6037197300,C
36061027100,B
37119000700,D
29095008100,C
42003080200,C
17031710300,C
41051004900,D
55079006900,C
6073011100,B
12086003400,D
6037463601,C
34031181200,C
48453000102,A
34017004900,C
25009205300,B
36081058100,C
17031560800,C
55079100300,D
12086007200,D
17031833900,D
36061013400,D
25025120103,B
47037016300,D
36047003000,B
42101020200,C
39023000901,C
39035183200,A
36047000502,B
42043021500,B
17031730201,B
36047004400,A
6037535604,B
6037531602,C
39035103800,C
6037216300,B
34031125100,C
6037267200,B
20173001500,D
34013017200,C
26163535200,C
17031570500,C
36081144100,C
17031411200,C
17031070500,D
19113001102,B
36081034700,C
20173003000,D
42077002000,A
36119002104,A
48381020500,B
6037222100,C
22071011400,C
51710002400,B
34003046200,C
17031250300,C
29077001800,D
48201310600,B
48029150400,D
42101024200,C
26163536100,C
29189217000,C
6037101210,C
22071009900,C
34003034000,C
9001080200,C
25025120400,C
36081015300,C
22071014300,D
34017019400,D
25005641400,D
53063003100,C
6037269907,C
17031190100,B
8031000302,C
36029004100,C
55079007500,B
26145001000,C
36081014100,D
42101010400,D
36047069200,C
22071011700,B
36047087200,B
6037192420,C
44007002200,C
9009142100,D
6037462302,C
49035101102,C
6001405600,C
6037535102,D
42101011400,B
6037234902,C
13121003600,D
17031231500,C
6037701701,D
39153508900,C
39035150100,C
6037201501,C
25009250400,C
36065020900,D
27137001800,C
29510115500,C
39035123900,B
42101017500,D
36081040400,C
36061011800,D
39035117600,C
36081084900,D
42003485000,D
6037531701,B
36061018100,C
51550020003,D
6001410300,C
25017350104,C
41051003601,C
36029010300,C
19163011400,C
12086003003,C
17031833300,D
6037310201,B
36061012600,D
47157003600,B
39035183100,A
18089031000,D
55079003400,C
27123031801,C
26163513600,C
6037462001,C
36047092000,D
17031750600,D
17031822500,C
47037013202,D
48245005400,B
25017312300,B
6037204910,D
6037195400,B
36081103900,C
26163539100,D
47157004300,D
36119006802,A
36047037500,D
36029002300,C
31055006806,A
26065000600,B
6037220000,C
36047021400,C
36081032000,D
6073006900,A
24510080302,C
26099256700,C
6037534804,C
18141003100,C
6037300502,C
13121004200,C
37119000600,D
48167724600,D
6075023001,D
26163532700,D
34013016400,A
6001423901,C
6037554900,D
39113165100,D
36081073100,C
48201510700,D
42003463900,C
24510130804,C
17089854200,B
8031002701,C
6075022704,D
36081063500,C
17031611600,C
25025170200,D
29095006100,C
39035116200,D
13121005501,D
26163545600,C
19193000500,D
24510250303,C
24005492102,B
17031831200,C
42003473401,A
36005006500,D
48113000300,A
26163538700,B
36061022700,D
13051002000,C
26099251600,C
1073002900,D
55079009400,B
26145000900,C
36047032300,B
42101020400,C
54011000101,C
29095005400,C
20209045100,D
42101029000,B
8031002902,C
26163574900,C
36005012102,D
17143001800,C
29095005601,C
36085012804,D
42101038600,A
27123032500,C
36061011000,D
6075013000,C
41051001701,C
55079185700,C
6001405700,C
6075030600,A
36005031000,C
22071012600,C
27053011703,A
27053126000,C
6001407400,C
12057004800,D
36081118700,C
47157011600,D
34039038800,D
42101025500,A
17031812400,B
34003004002,B
39095004900,C
36047065200,B
6075012902,C
17031210700,C
34013016700,D
42101033900,B
26125167400,C
6037461600,D
6001420500,C
19163011100,C
44007002102,B
36081053100,C
36047031100,D
6077001102,B
27053108700,B
34013009300,C
6037265510,C
47157003300,B
17197882801,C
25017354400,C
24510260900,D
36005045102,B
22071003600,C
17031310900,D
25025010405,D
48375011000,D
36047039200,C
42101027500,A
6037600911,C
20173002400,D
53033011300,D
17031812301,C
42101027800,B
36061025500,B
47157006000,C
6037187101,C
42101016901,D
36047001500,D
36119004100,B
48029130401,C
18163001000,D
55079016600,D
48453001605,A
34017001800,C
17031832900,D
6001406100,D
6001406602,C
17031390300,D
39049002000,C
6037208000,D
6037481902,A
41051001400,C
17031231100,C
31109000300,C
42101004202,D
31109002100,C
47157003500,A
20209040300,D
6037570602,C
17031690900,C
48141000800,B
17031161200,C
42101006100,D
39049004610,A
9003502800,C
42101010000,C
19193000600,C
42101029300,D
22071013800,D
6037700901,B
55079080400,B
9001072200,C
36047043000,C
36081047900,C
36081018900,C
47037018000,A
17031839500,D
6037621301,D
17031720700,C
36047079200,C
55079010700,D
39153520302,B
36081035300,D
12086001801,D
53033006900,B
13089020801,C
31055002200,C
27053101300,B
42003320400,B
19061000500,B
6073007905,C
42003191500,C
36093032300,B
17031161100,C
18097355300,B
25025082000,C
17031210400,C
53033009000,D
18141000400,C
18097320902,C
6037297202,C
6037241202,B
6037214000,B
39035187105,A
36081120100,C
36029001700,C
39035123800,C
42003512900,C
39035141300,B
42003552300,B
49057200400,D
53063004100,B
36005022800,C
48167725000,B
36061019500,B
34013021803,B
17031020100,B
25025050101,D
6037535701,C
6037214800,C
36081064500,C
36055008800,C
34039038700,B
17031700402,D
6037221900,C
42003483800,D
47157002700,C
48201311000,C
19193000700,D
39153510500,C
6001406202,C
6075026303,C
36047025500,D
26049000200,C
17031220901,C
6075016900,C
34017012500,B
26049000600,C
26163544200,D
48113000500,C
55079035100,A
9001071400,D
34013011700,C
26163525700,D
36085007700,D
17031711000,D
17031250200,C
17031840300,D
42101029800,C
27123031500,D
34031124322,A
25017353800,C
17031260400,C
39153503600,C
9003502600,C
18089020100,C
48113020300,C
6037700102,C
17031030104,C
36061028100,A
19155030900,B
6037203300,D
47037018500,A
39049004820,C
34013004801,B
6037461000,C
17031814800,B
6037213201,D
36029016600,C
12057003100,D
36029006602,A
36081071701,C
41051008301,C
26163552300,D
48439123100,D
41051000702,C
36005026500,B
25025110103,C
6037541400,D
26081003400,C
37119002400,B
27053011000,B
26163569300,C
36047035900,D
36119001303,C
8031002901,C
31109002400,A
47157003200,B
36081113900,C
34013013000,C
22071007501,D
18141000600,C
6037464100,A
21111005000,D
26081004300,C
34003021100,C
34013015400,B
26081002200,C
34013005000,C
36055013800,C
25025081900,D
36055008500,C
13089022700,C
34003018200,D
9003415300,C
27123030800,C
48113019900,C
6037297120,D
17031062500,C
6037234800,C
26163580300,D
17031421200,D
13121006200,C
17031191000,C
39035120802,D
48113005500,C
8101002100,C
6037481714,C
42003427000,C
21037051102,B
17031711500,C
39035130105,B
36081008500,D
36055004702,C
39035105400,C
36047012100,D
48029190400,A
42021001200,C
26075001300,C
31055003500,B
25005651100,B
22071012101,B
6037702202,C
25023511701,C
29510115100,B
39035118400,C
42079212700,A
17031730600,D
36081011900,D
37119980300,D
26065004100,B
26163540600,B
17031031100,C
42101009802,C
17031110200,C
39153510200,C
36047013100,D
36047007500,D
41051004102,C
17031490901,C
47157000800,C
21111006300,C
34017004102,D
6001401100,C
36047004300,D
34007604600,C
55139000800,C
29095000600,D
6037433302,C
34013005200,C
36005037200,C
42049002100,B
36061008800,D
6019002701,B
39113000802,B
25021418004,C
36029004300,B
44007011000,B
33011002100,C
19153000103,C
55079014300,D
17031290900,C
34007603800,B
36005041400,C
19061000600,B
55079185600,D
36081026700,C
39035113801,D
48439101700,D
42101027300,A
22051022400,C
6037481401,C
42101008801,C
42095010700,B
17031242600,C
29077005500,D
9009154500,B
34003037100,C
42101027402,A
39099813900,D
55079021000,C
36005004200,D
25013811102,D
34003043001,C
34003013002,C
25021417801,D
34017013200,C
36047028200,C
18089010500,C
39049005610,C
31055007003,B
36061020901,D
18163000900,C
6037430723,C
47037016200,D
48439104201,A
29510115400,B
48113002200,D
27053008200,B
36055010100,C
6037301205,B
17031640100,C
29189216300,A
1101001100,D
12057004000,D
34013016300,A
26163518600,D
20209042300,D
36061023501,D
20173002200,A
55079100100,C
42003472200,B
47157001400,D
42077001900,A
6075045100,C
34003003200,C
36005008500,D
23005001500,A
36029016800,C
25017311300,B
47157003400,B
42003561400,B
22071013000,C
48485013000,E
34013011400,B
29095003400,D
17031710400,C
6037301501,B
6073008311,A
17043843800,C
18163000300,C
17031020400,B
39035161300,B
36027220901,B
39049009000,A
36047044800,C
36047093000,C
6073004600,D
6037183702,C
48029130700,D
31055003300,B
36047022800,D
34013018800,A
31055005000,A
55079018100,D
25025010701,C
36047077600,B
6037143500,B
36047117201,C
26163511300,C
29095008200,B
49035101500,B
34013009200,C
17031817400,C
17201000401,B
26163525600,D
39035115800,D
6037201200,D
6037405102,D
36119002405,C
36047017600,C
26145001700,C
51710002300,B
36055009601,D
42101006200,C
36005020900,C
31055002300,C
9001021000,B
34017004600,D
39049001300,B
26163535300,C
23005000600,D
18035000700,B
18141001000,C
36081109700,C
36055010901,C
17031815400,C
6037621002,D
17143002500,C
20209041300,C
26163510400,D
36005042100,B
19113001400,B
36081056800,C
42079212900,A
36081010300,C
25017341600,C
6037602301,D
39035105700,C
26163536600,C
25005642000,C
6037481103,D
1073002100,C
9001021100,B
26163537100,B
34031124500,C
12086002402,D
25005640300,B
36081101001,C
6001407101,C
8101002400,B
27137001600,C
12103023500,C
39035116300,C
26145001400,C
39035101101,C
34003023502,C
55079100500,C
39095004702,C
6075042602,B
36047086000,B
6037271802,D
48201312400,D
42101031900,B
17167001300,C
9001071200,B
36081003200,C
6037542104,C
8031002602,C
36081049900,C
29510106500,C
24510151200,C
13121001300,C
48485012700,B
26065002200,C
6085501102,C
6075030202,C
39099802400,B
6073010800,B
47037017200,D
24510270702,B
26163506500,C
25017311600,B
17031720200,C
36085009601,C
34003023601,D
34031175401,D
29095003800,C
6037127806,B
24510151100,B
25025000100,D
6037206050,D
6085501300,B
26163579300,D
27123032100,B
42101001300,D
9003503300,C
34003050000,C
6085503113,D
48029171100,D
31109000400,C
36047012200,C
6037310900,C
31153010614,B
36015001000,C
6001406601,C
39035152302,B
25025120500,D
18141001200,A
19153000500,B
25023510800,B
48245001900,B
8031002300,D
36081014800,C
41051002702,B
6001401200,C
25021400200,C
36081016100,D
36001000700,D
34013015700,C
26145002100,B
17031835500,D
9001072400,C
42101030100,C
53033011800,C
55079006600,C
17031816600,D
44007002900,C
29095015300,D
18089012600,C
25025051101,C
53033006400,B
6037600902,D
18167000600,C
40109104500,C
36029010400,C
27053003800,C
25025180200,C
44007013500,B
27123033900,C
6037224200,C
44007000300,B
36001000501,B
36047012600,B
25025000402,C
39035120701,D
6037602402,D
6037572301,C
42101032500,C
44007016400,B
47157005800,C
6037300200,C
6037311200,C
18163000800,C
26125165100,C
25025110301,C
6037430901,C
36005045101,B
42101008000,C
26163553200,C
36055006300,C
24510270804,B
53033007500,C
6019000200,D
26065000400,B
34017010700,C
36047050700,D
36047026000,B
29095005700,D
17031190402,B
33011001600,C
6037533805,B
55079100600,D
26163540200,B
25005640400,B
25027731900,C
36005018102,B
6037216200,B
55079016200,C
25027732801,C
39035124202,C
53033003100,B
39035102102,C
6037480011,B
6037603102,D
37067002501,A
55079101600,C
21111008800,A
39049000410,B
6075033000,B
36081120500,C
36029009900,C
12057004200,C
17031815300,B
6001401000,D
51740211900,D
42003202200,B
36055002300,C
42101007900,B
6037576801,C
6037199800,D
42003431100,C
18097342600,D
6037603301,D
51710004100,D
47037016400,B
19153002600,B
39153507202,A
36081005700,D
42101033102,B
36047113200,D
36061008100,D
26163500500,B
29095011000,D
42101008702,C
19153004900,D
22071002600,D
39035140302,B
34013020901,A
36119003300,B
31055004000,B
19193000400,D
42003513800,D
40109101600,C
48029151000,C
37081010100,C
6037205120,D
17031040402,C
53033003500,B
27123033100,C
26163501100,A
18167001800,C
17097865600,A
12086005202,C
48113001002,B
36029008700,B
34013012900,D
42003428100,C
27123032600,C
6075031201,C
12086005407,B
39035111902,C
36047019600,C
36005002702,D
18089011000,C
26125141700,C
36081043702,D
6037600912,C
36029006800,C
6001404102,C
9001022400,A
31055002700,B
12086006801,C
51700030300,C
42013100600,C
6037124600,B
42101024900,B
36029003500,C
36055006100,C
42003270800,B
26163521800,C
34013019300,B
37081011000,D
51550020200,D
6037242200,D
17031461000,D
39049000600,C
39035104100,D
17031051400,C
40109103800,D
36029009501,A
36047056600,B
34017019300,D
8031000701,C
6037301100,B
6037462600,B
39153505500,B
24510270101,B
6037541606,B
36001001500,C
24510270301,B
36047019500,D
6085501700,D
34017006600,D
39035103500,C
6037274100,D
34017001202,D
34017014300,C
6001409700,C
36055007000,B
17031817300,D
22071005000,C
17031835100,C
53053061300,C
9009351300,C
8031004103,B
22071013900,D
25017341400,C
18003000100,C
49057201301,B
26099251000,C
6037267700,D
6037134001,C
19153005000,C
42101037200,D
18163000600,A
12086006401,C
36029008600,B
27053007801,C
42003560400,C
25005650500,B
6075016300,D
22071001800,D
6037481001,C
36047031300,D
17031841100,D
36067000400,B
25017350400,C
42133000700,C
47037019200,D
36119007000,B
6037603704,D
36063021300,C
26065004000,A
13121001202,C
25025070300,D
39035187104,A
48113004900,C
48113001600,C
36119001502,C
26163506300,D
26163551800,B
44007003602,B
6075025600,D
34017013000,C
34031124402,C
13121003100,D
6085501101,D
17031520300,D
51740212000,D
42003190300,C
1097000402,D
36061024700,B
36081013700,C
36029006100,C
9001073700,C
29095000700,C
29510110300,C
8101001900,B
18097341200,C
39035117300,D
9003503000,C
25017341902,D
19153003100,A
42101013900,D
18089010400,A
17031260300,C
48113004800,C
36061014401,D
36005038100,C
21037050400,B
6037271901,C
36047004600,A
6001422800,C
8031001101,D
41051002501,B
36001013706,A
42101021400,D
19153002100,C
29095017800,D
25025020200,D
24510140100,C
17031826901,D
6037194200,A
17031280400,D
6001402600,D
36005019300,C
53063002100,C
48029151100,C
44007002700,C
6037463800,A
34031175701,C
18167001500,C
25017374200,B
17031301200,C
9009142000,C
6037542401,B
36081025100,C
39049001600,C
54011001100,C
6067002700,C
48029170402,D
36005024800,C
34003055200,B
13245000300,D
42003434000,B
19155031000,B
36061015801,D
42003070600,B
53033005301,B
34003025200,B
25025130402,C
25005651600,A
36055004100,D
25017356701,B
36081014400,C
9009141600,D
17031310600,D
53063004400,B
26121000401,D
9009165600,C
9003500200,C
6075031202,D
6037192002,C
34003023200,C
17031251800,C
6037480802,D
26049000400,C
36067001800,B
36029005500,C
6075020600,C
20177000400,C
12086006101,B
36081097202,C
26065006600,C
6037208302,D
20209041200,D
6037301900,C
36081077908,C
39035108400,D
17031040300,B
47157002400,D
31055005902,B
49035104700,B
36093020900,C
36047000301,B
36067000900,A
6037207103,D
6037700902,C
6037602403,C
6037208610,D
36061014801,D
55079017500,D
6037217001,C
26163503600,C
25025130200,B
6019002100,C
34003051100,B
34013021100,B
18097351600,C
51760021000,C
34003054400,B
26065007000,C
47037011300,C
36081024600,D
6067003700,C
47093006700,C
53033007600,C
36081033000,C
53063001200,C
6067003501,C
48113001503,C
6019000600,C
48113004500,C
6001405800,C
36047041401,C
6037432902,C
25009206400,B
36061014802,D
34031175500,D
25017312100,B
18141001900,C
22071009000,C
18003000600,C
6037554001,C
17197882400,C
9009140900,C
36029002400,C
25009206000,C
55079017000,C
6037212702,B
36047112200,D
36081024300,C
6037621204,D
26163521400,D
53033010002,B
48453000204,B
47157007200,B
18097352600,C
20173002000,A
18097390700,D
36081013500,C
36061007200,D
17031720100,A
34013012300,C
55101000200,C
26125170000,C
26163985900,D
36081004002,C
36027220801,A
42003160800,D
18089021600,B
51760020300,D
1073004200,D
26065003200,C
6037195100,B
48113019302,B
36047021000,D
17143002400,C
9003504500,C
25005650300,B
34013013200,D
13121004300,D
36061004300,D
18003000300,B
31055000800,C
39049002740,A
9009141500,C
39035151700,C
42101034803,C
17031817700,C
13089020200,B
36005030100,A
40109100600,A
53033004302,B
29510113500,C
6037535502,C
36005028900,C
12086004203,B
55079016100,C
6073002601,C
42003170600,D
17031640300,C
42049002000,B
25021402102,D
25027711000,C
9003415500,C
42101027401,A
34013002000,B
26065004302,B
6001421900,C
17043844901,C
6037265601,A
25017356500,C
51710003501,D
36005030200,C
25027732201,C
12086006402,B
31109001002,C
26163543400,A
6037300600,C
6075016100,D
25021400600,B
34013021702,C
6037430801,C
42013100500,C
17031835600,D
36081030903,C
8031000600,D
17043842200,C
1101001400,A
36047068800,C
17031812100,B
29095016900,D
6075035202,C
36061025100,C
26163536500,C
34023003203,C
6073004501,C
48201410100,D
55079020900,C
36119005001,C
42043020300,D
6037621326,C
36119004200,A
26163552000,C
44007014300,C
18097355500,C
6075026100,C
36081062100,D
34001012200,D
36047011200,D
48453001305,D
6037432401,C
55079091100,B
42043022200,B
26049002200,C
6037234600,B
17031340500,D
12031002101,B
36005020501,C
25025120201,C
36029005201,B
37119000800,C
34017007200,D
48113019700,B
6075025401,D
47157000900,D
34039033100,B
18097341904,C
26163595000,D
25009207100,D
36061017700,C
49057200500,B
34003023602,D
6075021300,C
6037143604,C
34031133701,C
6037271902,C
36085003900,A
6037480901,C
36081044601,C
18097350300,C
36081111300,B
18003002900,C
47037016500,B
26049004000,C
25017310700,C
1097000902,C
26125184700,D
6037186404,C
18097310311,C
36081032800,C
36047014900,D
34017011200,C
25005652200,A
47157007300,B
6001404600,A
9001070500,C
36029004001,B
19163013000,B
12031001200,C
17031815200,C
17031440102,B
40109100200,C
36005023100,C
55059001500,C
48113001301,B
34031181100,C
44007017000,B
6037621102,D
39153505400,B
6037573003,C
6037125320,C
40109103900,D
36047037100,C
26163544000,D
17031160900,C
18097380300,D
6037195202,B
41051006702,B
40109101100,C
36047037900,D
48141002900,D
6037124300,B
6075025702,C
36001000800,D
34003030400,C
39153520201,A
6037269601,C
17031710800,B
34017014000,C
36029004800,B
39095002402,C
17031801300,B
51710000202,C
42101020102,D
4013113100,C
36047005400,B
26163577900,B
48141002300,C
6075013500,C
34013017000,C
36065020705,B
34039039400,C
36005028300,C
51740211800,C
39003012400,C
6037224700,C
39035161200,B
25027730100,B
22071003702,C
25025081001,C
39035101700,C
36081150702,B
8031000303,C
17163504600,C
42133000900,C
6037702102,D
25013810700,C
36081018300,C
26077001603,C
17031800400,B
18097355700,D
12103021200,C
42003478200,B
25025180301,B
18003001200,C
36005033500,A
36093021001,D
42003290100,B
47037019300,D
34007605800,B
37021001000,C
9003496700,C
27137002400,B
36081115100,B
36047022100,C
34021002000,D
18163000100,C
24510010100,D
26125184500,C
6075017000,C
41051003401,C
17143005000,D
53033004800,C
36047032100,B
48201332800,C
40109103602,D
1073001902,D
39003013600,C
29510117200,B
39155920400,B
39155920300,B
17031230600,C
39035171103,C
6037576601,B
39049006710,B
36047090800,D
25027732203,C
19113002200,D
36081028900,B
36081097204,C
17089854301,C
49035101900,C
17031220500,C
40109101400,C
36005023301,C
26163514300,C
17031150501,C
42101003300,D
55079004900,B
6037241001,C
48113000202,A
39035160200,C
36081088400,C
34003004001,B
36081043200,C
36047027600,C
48453001402,A
55079014900,D
17043845000,C
48029190501,B
19155030601,B
29189216000,B
17143002100,C
42003250900,C
39151701300,B
26163535100,C
34013010100,C
6037542103,C
34013016600,C
26163579200,C
36061021303,D
39151701200,B
42101023600,B
6037541300,D
25005651200,D
39099802100,C
29095001900,D
24510080600,C
6037480500,B
34017000400,D
9003511300,C
19153000600,D
18097350100,C
39035121401,C
36081144700,C
39035152201,B
53033007800,B
6001432100,C
41051000902,C
27123030201,B
44007017600,B
34013010200,C
25009205800,D
6075015802,C
18097350900,B
6037101110,C
36081025500,C
25013811101,C
48029170102,D
36047019000,C
13121009501,A
9001021801,B
51760020400,D
34007601200,B
6037201700,C
27053000102,D
12086005409,C
37063000402,C
36081032900,C
36081133900,C
36047012700,D
18163001500,B
40143001300,D
18141002100,D
17031292500,C
39035160100,A
6075030301,B
6037242600,D
12103020301,C
4013113000,B
6037267100,B
42003561700,C
9001022000,C
17031010502,C
42003120300,C
6037535607,C
26081003700,B
6037480704,B
42003151600,D
25005651900,D
24005430800,C
36005038000,D
29510111400,C
36119005800,B
42101020000,C
36005002000,C
9009142400,D
17031580300,D
6001401300,C
26081000400,B
17031190601,C
17031283800,D
53063003200,C
19153004800,B
36047033700,B
25005650600,D
17031230400,C
36047058600,C
48029110300,D
6067000600,D
26081003000,D
42049002600,B
34039036900,C
48453000302,B
36047116000,D
6037534501,B
36081072900,C
6073001500,B
36047002000,D
19013001701,C
6037103400,C
48201410402,B
48113004400,A
17201001300,C
8005006100,C
6037570202,C
26163504700,D
17031063302,B
42077001000,B
39099812301,C
39093022400,C
34021002800,C
6037311000,C
17201000800,C
26145001500,C
29095007600,C
51710004300,D
39049000220,A
55079090800,A
48113005600,C
36081150701,B
25025091600,C
36047117400,C
25017373400,B
27053111400,A
17031491100,B
37081011500,C
29510106300,B
17031220702,C
42003140400,A
53063000200,C
47157005000,D
36063020400,C
55079012200,C
29095001000,D
34003046300,C
34013012200,C
39095002500,C
36065020802,D
19153000300,C
39049001000,C
17031160602,C
26163533900,C
41051003802,B
42049000900,B
27053111500,A
36081140901,C
39035106500,C
6075017101,C
55079186600,D
6075021800,D
36081055200,C
12086004000,A
39113002300,C
34007604400,B
44007000600,C
18003001100,C
36029006701,B
6075016802,D
6037264301,D
36047077200,B
40109101300,C
19153000202,C
9003501800,D
36119001101,D
12086004204,B
36081079702,D
34013002300,B
34021003601,B
17031820300,C
47157003100,B
18097380800,B
41051002203,D
36005002400,D
36047018300,D
47157001500,C
36005000400,D
25021417100,C
6037189400,B
36047047800,D
6037576501,C
6001421300,B
18035000400,C
18097381002,B
49035103500,B
31055004300,A
6001420200,C
26163526500,C
12031001100,C
31055006504,B
17031829600,D
36005046201,C
36047024200,C
42043021600,B
42101001002,D
42101030200,C
55079018300,C
6037191902,C
42003478100,B
29510114102,A
48113001400,B
48029130300,C
19163011700,B
6037700400,C
36067004600,A
36081065900,C
36005020100,C
34023002703,C
36065020803,D
36005045600,C
6037700600,A
34031183102,C
6037405002,D
6037533804,B
36047091000,D
21111008400,C
17031170300,C
6075015801,D
39095004800,C
36065021402,C
9009350400,C
25023510700,B
36047054400,B
39153502800,C
34013016500,A
42003516100,B
51710000500,C
39049005300,C
26017280400,D
36047001300,D
19153001100,B
33011000600,B
18003004400,C
36061028700,A
17031830600,C
8031002801,C
34023002902,B
36005024000,C
6037540502,C
36005005902,B
18097380200,C
42003130200,C
44007018200,C
39099813800,C
29095007500,C
31055007001,B
29189220200,C
36085005000,D
17031430700,C
13051002100,B
36119000201,B
17031831100,C
17031691200,D
17031230800,C
37063001301,D
48201313500,C
34039032400,C
49035100800,C
39095006700,C
36047030500,D
17031150502,C
25025170300,D
18141001400,C
34013000500,C
42101032600,B
39035115100,C
36047112400,D
34031124601,C
6037197420,C
48201510300,B
17031081201,D
27123031000,C
27053101200,B
31055000700,C
48439103702,C
6075020700,D
44007002000,C
34017010500,C
24510261000,D
19155030502,D
34003003401,C
25027732301,C
39017000600,C
22017021100,B
39151700800,B
6037217002,C
42071001100,B
29510127300,D
6037265410,C
27053106600,B
12086004405,C
6037219700,C
39035102900,C
24510220100,D
34013004400,C
27037060102,B
34039037500,B
42003481000,B
17031100100,C
6037240402,C
6075040200,C
18097355400,B
44007002600,B
25027731600,B
6037302104,C
5119001100,D
34017016400,C
6037224410,C
27123031600,B
12086006705,A
42003473500,A
12086001104,A
34017018100,C
13215001400,C
25009260900,C
33011001300,C
9009350300,D
47157003000,B
13089020600,D
17031431302,C
42101011800,B
20173003100,D
55079009500,C
22071010000,D
34017032400,D
26163544300,D
25021402200,C
39099800500,D
29095004300,D
42003561000,C
1073000500,D
53033007000,B
25017356100,C
36061000202,D
34013005400,C
26163518000,D
39023000400,C
36081007900,D
6037211701,B
9003416800,C
39049000210,B
40109101500,A
51710005901,D
6073000201,B
36047035602,D
26163575000,C
24510070300,D
34001010102,C
34013002201,B
6037201602,C
17119400600,D
36013030400,B
17031380500,D
6075023003,D
29189216700,B
9003502700,C
6037186202,C
22071010900,C
51760010700,C
13051000100,E
41051003501,C
22071004600,C
8101002000,C
1073004000,C
39093022200,C
20177000600,C
18163001300,C
17031170500,C
39153502200,C
26163506200,C
39035122100,C
42101001001,D
55079008100,D
29510127600,D
55079003100,C
36047072600,B
42101026600,B
36119004500,A
22071008200,C
42049001900,C
25025160601,C
42101030000,C
25025130404,C
13121004400,D
17031260200,C
25003900600,C
19153002700,D
8031001102,D
19113000700,B
25017311900,C
26163554500,C
6037211120,C
44007001400,C
17031839900,D
47065002400,C
6037302102,C
17031580200,D
36055009602,D
36081092900,C
6037238200,B
36093021500,C
48029141000,C
36047089600,C
17031060500,C
6019000902,D
39153502500,C
36067003800,C
36061000600,D
19163012300,D
26125153000,B
1097000903,C
36047016900,C
42043023300,D
26125175300,D
39049005500,B
36047029400,C
22071007800,D
34007606100,B
48113000100,A
9001257200,C
45079003000,C
18089021900,C
42003111400,C
24510130600,C
6073006000,C
6037431900,C
6073002301,B
6037302301,C
17031310400,D
24510090900,D
47157006600,B
18089011800,D
26049002600,C
12057002800,C
53053072309,C
9001061200,C
6037542700,C
17031841200,D
29021002400,D
12086003914,B
34039034500,C
17031611900,C
6037189600,B
6037702002,D
6001407600,C
26125187000,B
6001406000,D
6037265420,A
26163541200,C
26145000400,C
26125142600,A
25025120301,D
29095001100,D
8101000600,C
36055006400,D
49035101600,B
53063000600,C
39035118800,D
36085006400,D
39095001000,C
6075030400,B
36061016002,D
36013030800,B
25021417701,C
39035196000,A
36081115700,C
17167002100,A
26163500300,C
42101006300,D
48485012100,E
17197881401,C
17031600600,D
51710000201,C
39153503200,C
39099802600,C
26077001000,C
48453000902,D
6073005800,D
6037181600,C
42101025400,B
37119004700,D
6037701601,B
48141002500,B
42101023700,B
29510106200,C
42043020600,C
6075026200,C
36085021300,C
42013101500,C
27053008500,B
39035114100,D
18141000200,C
39035161400,C
48439100400,B
6037460200,C
36119005300,B
27123043000,A
39035109701,D
6037570304,C
21111005900,D
47093006800,D
6037530301,C
17031281900,D
34039034300,B
13051000300,E
17031291600,D
6037401002,C
25025020301,D
39099800300,D
25003900300,C
41051002502,B
6075040100,C
47037016700,B
36081077300,B
17031243400,D
39035117201,C
26163550700,A
18097350700,C
12086004304,B
53033008300,D
40109105000,B
24510280302,B
42013101400,C
36061013600,D
49035100700,C
39035114300,D
17197882701,A
17031672000,D
29510103800,B
6067001300,C
8031004404,C
6037620701,D
9003497000,A
6037221210,C
25005641101,B
34017016800,D
27053000101,D
42091202301,B
13051001500,C
9009140600,C
18097361100,B
29077001000,B
39145003400,C
26163531700,C
17031010201,C
18097356400,D
41051001201,D
37063001100,D
48029140800,C
39017001100,C
26163516100,D
25027731101,B
27053111300,A
39095003300,D
34007606000,B
39153520500,B
36001002500,D
12103023100,D
13121006602,C
6037535603,B
6001421800,B
36061011203,A
36061004400,D
9009165500,C
51760040700,B
12086003922,A
36081114700,B
13051002900,B
34039039000,D
51760041400,C
26163553600,C
55079011400,D
42003561600,C
25027732700,B
6037463102,A
42003473100,B
6037243000,D
34039037800,B
18141001500,C
1073005701,D
22017022600,A
39113003300,B
34017017800,C
38035010700,D
25025010500,C
36067005300,C
6073004400,C
29510126900,B
41051003701,C
42133000200,D
48485010900,B
55079170300,D
42003515401,C
34017018200,C
36047037000,D
48201312300,D
36047039900,C
34013015500,C
27123034601,C
22071013200,C
18097361000,A
36081028800,C
8031003003,C
22071003900,D
29189219300,C
36047055100,D
38017000801,A
24510060300,D
42003130400,D
44007016800,B
39049001200,B
18097351700,D
48201210400,C
42043021200,C
47065000800,D
6001403300,D
27137001000,A
27137003400,D
54039001300,B
6037185202,C
26163510500,D
9001072500,C
41051000401,C
36061002800,D
6067001400,C
12057002000,D
6037310601,C
27053101800,C
12086005502,C
49035102702,D
25017338200,C
17031843400,C
25021400100,B
17031813302,D
40143001400,C
34031203600,B
12057001900,D
6037702201,C
26163541100,C
25017353200,D
51710002500,D
41051002000,D
6037535002,D
29189216600,A
26081014000,C
36081066900,C
34013019100,A
12086005303,C
39049005620,C
26163518400,D
39099802300,C
34017016000,C
34031124311,A
25017341101,C
53033009702,C
37119002800,A
36081096400,C
6073000100,B
39035150300,C
39095003400,D
36081037300,D
26125142700,D
51710003400,D
42101038500,A
47093007100,A
34013011800,C
13021010500,D
26017280800,C
39035106600,C
48113002701,D
36061030900,B
34039031300,C
12086002705,C
6001404502,A
36047046202,C
24510270903,A
39035177404,A
34017011300,D
40143003600,A
39035120600,C
6001422300,D
39049006500,A
36005008400,C
26121000300,C
36081069500,C
48439100900,D
27053107400,C
31055005600,B
34013017302,B
9003504300,C
29021000400,D
53053062500,C
36047054700,D
17031834900,D
26125142000,B
26017280600,C
8031003300,B
20091050800,A
26163552100,D
37021002000,C
36119002404,C
36085010500,C
18097358000,D
25027730802,A
20177000500,C
4013114200,D
6073003211,D
6037242300,D
26163511400,D
34003033300,C
27123034000,D
40143002301,D
25013812001,B
26163506100,C
12103023700,B
47157000700,D
17031081300,B
26125142100,B
21111003900,C
55101001301,B
39035192800,B
36081045200,C
27053125900,C
13121011800,D
36093020300,D
36005042500,B
6001400200,B
36047053500,C
36119001301,B
25009205100,B
39035119900,C
47093002000,C
17031200100,B
17031210800,D
17031730500,C
42095010900,B
17031822200,C
19193000300,D
40109101200,A
29510121100,D
17031250500,B
26049003200,D
25017374300,A
36119004300,A
41051002901,B
39035154601,C
9009351200,C
26163505500,D
36029006301,C
41051000802,C
42101033000,B
6075016801,D
26125184000,C
17043843500,C
34013018600,C
1073003100,C
17031430200,B
25017356601,B
36047049900,D
17201001000,D
29510101500,C
42003270300,C
29095007802,D
47065002500,C
25017373800,B
39035178206,C
26065002300,C
17031806202,C
25021417901,C
25021417902,C
26163553300,C
12057001200,B
48201510600,D
36061015900,B
39035120500,C
6037185203,D
29095005300,C
17031010100,C
55101000400,D
40109105904,C
34013018700,C
39035183501,A
36061008300,D
40143000800,A
27053008300,B
40143004800,D
25009208200,C
39035114700,D
25005651500,B
6037480803,B
36081011400,C
21111008500,A
23005002002,C
9001080400,C
48453000305,B
36005019700,C
34003018100,D
18097341600,C
9009155000,C
36047059100,C
51760040600,B
8031003202,C
17031440900,C
6001405302,C
34007601000,C
26081012400,A
25017374100,C
19153000400,B
23005000300,C
8031001000,D
25009205900,C
36047037700,D
42101017000,C
27053002700,B
48375011900,B
34003019203,C
27053109000,B
27053110800,B
42133021300,C
6037235100,B
12086003602,C
36029003901,B
29510114300,B
18089010600,C
1101001500,C
6037235201,C
6037534900,D
47157007000,C
42101026900,A
36047082400,C
19061000300,B
36081062200,C
45079001000,D
6037131020,C
42101038900,B
24510240200,D
6075011000,D
26065006800,C
40143002100,B
25005641200,B
40109103400,C
27123031701,C
36061015500,D
6037480903,C
39153506500,B
36081003900,D
21111008100,D
42013101700,C
42003425000,C
17201001500,C
25025030100,D
48453000604,A
48245005900,D
26163550500,A
19163011600,B
36047035300,B
29510114200,B
54011001200,A
26163543700,D
51740211100,D
39035107802,D
6073000800,C
20209045200,C
24510080400,C
36119005902,B
36005030900,A
17031840000,D
6037541500,D
36055003600,C
34039031602,C
26025000200,C
53033003600,B
48113000201,A
36047004700,D
17031440300,B
9003501200,C
25025170601,C
36005018900,C
20177001900,A
39035170101,C
19013000400,D
36119001403,C
6001428100,C
37067000900,C
39095005501,C
36047055200,B
6037194500,C
37067001902,C
29095000800,C
36047035100,B
26163515600,C
25025092101,D
42101008500,C
34021001500,D
42133000400,C
26081004400,C
53053060700,B
36081048500,C
34021002100,C
20209042100,D
42077002100,A
34007611600,B
21037052200,B
12086003909,B
25025071101,D
25017342201,C
36119003700,C
39113020900,C
19113002600,D
40143000700,D
18089010900,C
17163500500,B
17031661100,D
17031210900,D
42079212300,A
24510090500,C
36065021101,C
36055003700,C
34031182200,D
24510090400,D
19113002900,B
12103023400,C
17031809500,C
17197882702,A
34021001000,D
19155030700,D
53033006500,B
42003140500,B
36047095400,D
29095009000,C
51710004001,C
34031175602,C
19193001300,B
6037264103,D
42079201100,A
36081093900,C
31109001500,A
48113002702,D
25027731300,C
36081035200,C
44007014000,C
48453000401,B
17031836100,D
53053061400,D
33011001400,D
36067001900,B
42101001201,D
24510260102,B
24510090300,A
6037185100,B
49035100600,C
6067002900,C
39113002400,B
17201001400,C
42003110200,B
34031182000,D
36047087800,C
6037501804,C
42091204400,A
13245000700,D
39049002100,C
6001421500,A
34013009400,B
29189216100,A
37067000400,B
24005490601,A
6037199201,D
6037533803,B
42003140100,A
6037186203,B
24510030200,D
48029170200,D
6037273100,C
12057002900,C
48201211500,C
39035117102,D
6037201601,C
39035124100,B
39023000902,D
13245001500,D
53033010100,C
1073010802,A
6037240700,C
31055007102,B
42003464400,D
34013018000,A
36001002300,D
25023511000,D
34013013800,B
34021001401,B
12057006200,B
8031003402,B
22071001402,C
26163516300,D
36081103202,C
34017011100,D
29510123100,D
48141001001,B
42003468800,D
17163501400,C
19193001400,C
55079090900,B
6037270200,C
9001070200,C
39151701700,C
6037234300,B
6019002400,C
36047014800,B
48113004300,D
36119005901,C
8031004005,C
47037011200,B
17031220400,C
9003415600,C
34003006201,B
36005000200,D
6037211500,B
36005038301,B
18163002400,C
42101011700,A
22071000901,D
25017336200,A
25009206500,C
31055000400,C
37063000900,D
42091202603,B
36081115500,B
26163551700,A
55079010800,C
36081076902,B
55079007900,D
6075035400,B
36047024800,B
36081019000,C
36093021002,D
12057004100,C
9009141000,B
39035154700,C
39035171205,C
40109104900,D
9009140700,C
19113001700,A
25005652600,D
17031700100,D
34013012400,B
22071005400,C
42101016600,D
48029160702,C
36081073700,B
17031834300,B
39035111401,D
6037577100,B
36085022300,D
12103023300,C
42013100700,C
48439104503,D
47037016100,D
12057002200,B
25025040401,D
8031003004,C
39153505300,C
6037269602,C
39095000600,B
39035119600,C
36055007700,C
26145000200,C
9003502300,C
36005022702,C
39095006400,A
22071002504,B
24005400702,B
6037532603,D
36015000600,C
39049002780,B
36047020500,C
25017370400,C
36085017700,A
42077000600,B
6001406800,C
17163502200,C
9003504800,C
42003432400,B
18097356900,D
39049003600,D
53063002600,C
24510130300,C
17031740200,D
26121001402,D
36067006103,C
25005641500,B
39095003600,C
49057200700,D
55079004700,C
48113000404,B
39049000500,B
25021417200,C
36081036100,D
22017022800,A
36093033200,C
9001074000,D
48113002000,C
21067000600,A
6037189300,A
36081068000,D
17197882200,C
18097390900,C
41051002600,B
6037311700,B
17031801100,B
19163012802,B
36047059000,D
39099810100,D
36081069701,B
36047039600,C
54069000700,D
18097357900,B
36055006800,B
25027733000,D
53063000300,C
42101008602,C
26025000500,C
6037267902,B
27123036800,B
8005006300,C
18097354200,D
42101020300,C
31109000201,C
18141002300,D
53033003400,B
40109103500,D
6037265700,A
6075030201,C
37067001901,D
17197881301,D
9001071100,B
24510090700,B
44007010900,C
6037430502,C
17031836400,D
47157004600,C
26075000200,D
39113003402,C
26163576500,B
31055007101,B
17031520400,C
48201412200,A
36093021600,B
6037575002,C
34031180600,C
53053062400,B
36005029600,C
6075030800,A
48439104803,C
26049001300,C
48029190100,B
36005019400,C
6085502001,D
36061006500,D
6037190902,D
36047060800,C
17031730100,D
39035123601,B
8031003601,D
17031490902,B
18089012100,D
42003130600,C
48439104802,D
39113002600,C
6075021000,D
36067001600,A
25027732600,B
18163002300,C
37067000500,C
26065000700,B
36047060600,D
36081014201,C
42101011900,B
39035177303,C
36047109800,D
36067004900,B
19155030800,D
39113003800,C
47157000400,D
34031180201,C
42045404400,A
12086002003,D
39093022500,B
36047053300,C
27123037602,D
6037576602,B
34031175601,B
6037217200,B
26017280300,D
42101000902,D
18141002200,C
48167725200,B
6075031100,C
36029006501,C
22071004402,D
48029160200,B
24005491000,A
12086006201,C
26049001700,D
22071004500,D
36061006300,B
18141010100,D
34039031904,C
24510270501,B
9003496900,B
39035130104,B
6037275101,C
17031242300,C
31055001200,C
6037302504,C
42003510000,D
49035102000,C
26075006900,D
26049013600,D
39049002770,B
39035110501,D
6037221401,C
17031817500,C
54011001500,C
53063001600,C
42003560500,C
9003496100,C
48201511301,C
17167001200,A
22017021600,A
17031808800,B
36047043600,B
26049000900,B
41051003803,C
17167001900,B
27123033000,D
36081029100,B
34013011600,C
26163506400,D
18003002100,C
36119003600,C
48113001704,D
25017368600,C
28049001500,A
17163502700,D
40143004600,D
36047039300,D
17031819600,C
17031690500,C
36005037900,C
6037221601,C
36047050500,D
25025060400,D
12086006602,C
36047000100,D
48439101403,C
18035000300,C
6037311801,C
34031124321,A
26081012901,C
29021001100,D
17031242400,C
36007014100,B
29021001200,D
53053061900,C
8031000402,C
42101032000,B
40109101800,A
36005022701,C
34039038101,B
36085018901,C
6001408400,C
6067000800,D
8031000202,D
51760050200,B
47157007100,A
19163010800,C
23005001800,B
42049011300,C
36055009302,C
6037269100,C
26075001200,D
44007015800,B
48113000606,B
26081013600,C
36061006700,D
34003009100,C
49057200800,C
36081127700,B
36055002200,B
25023510100,C
36047043300,C
34013013700,C
39099801600,B
6037480902,B
36047019900,D
17115003100,D
36081073900,A
55079009700,C
6037192001,C
25017373300,C
34017000100,C
36047043100,C
25025120104,C
34013020200,B
42101014200,D
34013012100,B
36085002002,C
25005641600,B
34001000500,C
18097357800,D
34031181900,C
51650011300,C
36081004300,D
39049004200,D
13089020500,C
18097320600,D
41051001801,C
26163580400,B
34031124900,C
20173002700,D
27123032700,D
39049000710,D
34017006100,C
36047005201,B
39035106200,C
36067005000,A
36119002204,A
48439104400,B
51760020200,D
39035106300,C
26163520800,D
36085001100,D
27053107000,B
9009142603,C
48029140200,B
6001422200,C
24005400200,B
31109001001,B
9001071300,C
48201411100,A
6037621201,D
34031154002,B
42101016800,D
55079080300,A
6037243100,D
42101008701,C
12086001401,D
34021002701,C
6037550901,C
6037238000,B
6037701501,C
23005002102,C
42091202602,A
6037265520,C
34013008700,C
48113005300,C
36047002200,D
29510107300,B
17031815100,B
12057000700,C
55025001606,C
39035187103,B
47037980200,D
25013811800,B
22071006900,D
36047070000,D
34017000800,D
33011000800,C
36119002402,C
55079091200,C
6037141304,A
48201411200,A
26077000600,C
36047023200,D
48113005400,B
18003002000,C
9009180100,C
34031124200,C
36119001504,C
48453000402,D
41051002802,B
39035117900,C
12057001500,B
12086002600,D
36061000201,D
39049000730,B
18097380600,C
27053106200,D
37119002500,B
17031832600,D
36047003800,B
34003011100,C
17031430300,C
12086006503,A
36001000200,D
36047013700,D
23005000100,C
42003514000,D
29510104500,B
6001408500,C
47093001500,C
18089011600,D
22017021000,A
55079090700,A
18163002100,C
39035160700,C
21117061600,C
17031491400,C
53063004300,B
25025100700,C
39155933800,C
53033011500,C
26099258300,C
6037269800,B
36119006200,D
31055005800,B
1073005702,D
51760021100,D
25013810800,C
6037540300,C
39153504500,C
39099811700,A
36081063900,C
9001020100,C
39099814100,D
36081030600,D
39049004620,B
6075012601,B
39049000420,B
42003120800,D
24005440400,B
24510090600,A
44007015900,A
17031810702,C
48113007101,A
17031250400,C
34039033300,C
6001423500,C
6037267404,D
25017342300,C
17031809600,C
42101024800,C
34003054200,C
17167001800,B
34003021300,C
42101017701,D
39153501100,D
48113001203,C
20173004000,D
6075045200,C
47157002800,D
42101026800,A
36005028400,C
51710002900,C
25009250600,B
26163503500,B
36047057400,C
39113001000,D
25017341200,D
6037301203,C
36047067200,C
48113019400,A
27053008400,B
26075001100,C
39095005100,C
17031190401,B
21117061000,C
34013015200,B
17201002800,D
34003021200,C
6037405202,D
36047019100,D
34017001000,C
48167724300,B
36081093800,C
36029007101,C
27053102500,C
34039035700,B
29095006900,C
25025080100,D
19163013100,A
21117061400,C
6067000300,C
6073008101,B
36047011800,C
6037264000,B
6037480400,C
48201311400,C
6037432402,C
17031710500,C
20209041700,D
39095002900,C
42003070900,A
36029005802,B
18097310201,C
39035177406,C
42003140800,B
39049002730,A
25009251400,B
36005008300,D
47157006300,B
26099251200,C
55079100200,D
26163502000,C
26125173200,C
22071012700,C
41051005600,C
53033008500,D
36067004301,D
29510111500,D
28049001600,B
26075000400,C
6001423601,C
26125152600,A
25017342600,C
17031819400,C
55101000600,C
26081004100,B
34017006300,C
51760020700,D
17143000500,D
17201002600,D
17031222900,C
42077001800,B
9009350100,C
26049001200,B
6037208903,C
36047044600,B
8031004202,A
42003101800,C
6037208802,C
53033009600,B
6037296402,D
39035104400,D
17043844902,C
29077000502,D
6037124000,A
39153503500,C
6037534502,C
25027733101,C
22071003500,D
17031650301,C
34013005100,C
12086001003,D
6037192300,C
6037262501,B
51760020800,D
36029005700,B
39049002300,D
36047033000,D
29189215900,B
39153506200,A
34013018300,C
6037535501,C
48029160902,C
36047053200,B
26163508000,C
39113004400,C
26049001400,C
12103028200,C
9003417200,B
36055001900,C
39035140800,A
51760020100,D
36005022500,C
40109100900,C
17031670500,C
6037183820,C
12057006101,A
17201003000,B
13121005700,D
6075010200,C
6001428200,C
48439104502,D
17031831400,C
25025000401,B
8101002200,B
17031250800,C
47037012600,D
9003416100,C
42003300100,B
24005401101,C
17031710900,D
26049002700,D
36001002200,D
6037462800,C
34003011300,C
36055006200,B
25021416200,B
6067001200,C
39035115400,C
48375014700,B
55079014100,D
39035183402,A
34003054100,C
48029120400,B
13121002800,D
54039000500,C
39049000820,C
55079100400,C
39049002750,A
36047013500,D
6037128601,C
36029002502,C
48201212300,C
36081079701,C
47093006600,D
29510127500,D
28049002500,B
6037302302,C
48113004600,C
34039032100,B
6075012800,C
6001400600,C
36001001600,B
25009206600,B
20173002800,D
26081003300,B
51760020600,D
48439102700,B
39153508600,A
17031120300,A
51770002500,D
27053102900,C
17031839700,D
9009140500,C
41051005500,C
48201510400,C
17031560100,D
39099810600,C
36047016700,C
55079015900,D
6085500200,C
36067001000,C
41051001802,C
13215002400,D
6037275311,C
48113008900,C
21111005300,D
6037461400,C
36061014700,D
39095004000,C
19153000703,A
48375011800,B
19155030100,B
42003261400,B
22017020700,C
48029140600,C
17043845200,C 
19193001100,C
28049001900,D
47037016600,C
48453001000,C
6037621324,C
18097321300,B
6037186302,B
1101000600,D
29095009500,C
42101024000,C
26163543200,B
6037575901,D
40109103200,C
48453001100,C
9009350800,B
39035154501,C
47037019500,D
36065021702,C
34013008900,C
29095011600,D
6001406201,C
18097380502,C
26163539000,D
20173001800,D
55025002800,D
6073003003,D
34039034600,D
55079018600,C
36081067900,C
29095008900,D
39035101300,C
6073002905,C
17031100200,B
34003023501,D
36055003200,C
12086002800,D
39035118700,C
39035185103,C
6073002902,B
39095006300,B
17031410900,B
17031837300,D
6073000700,C
25017310400,D
40143003200,A
36047034900,B
6001422000,D
26145001900,C
26017281300,D
42003561500,B
36007001500,B
9003496500,B
36081033401,C
6001405100,B
22071012200,B
54011001600,B
18089012200,D
36029006601,C
9003415400,C
36119005500,B
36047025000,D
13121002600,D
29510119300,D
6067000500,D
6037620102,C
34003029100,C
6037570601,B
26163580500,C
29510111200,D
6073003502,D
48029170300,D
39003013300,B
20209041600,C
19193002000,B
12057001100,C
6037460302,C
39099801300,C
6001406400,B
6073002001,A
39035172102,C
26081002400,B
29510124200,D
36081059000,C
26145001300,C
26049011301,D
6075025701,C
36047042900,C
18097321200,A
39153501800,D
36063022200,B
36027220201,C
36081075702,A
6037296901,D
36055010400,B
53033010800,D
29077000501,D
36061019200,D
6001427700,C
36081114100,C
47157006200,C
34003015500,B
6019000300,C
48113001701,D
31109002500,A
39095007901,C
17031040201,B
34007606200,B
36081122701,C
6019002702,C
36047039500,C
25005650700,D
34013012700,C
19155031100,B
36061024500,C
12057002300,B
42049000200,A
9009351000,C
36055010700,C
26081001600,C
36047046000,B
17031661000,C
36055002000,B
21111000300,C
8031003101,D
6037296210,D
36047049300,D
34001012401,C
6077002401,D
19013000500,D
24510150900,B
26163545800,D
36005007100,D
25017310300,C
6077001700,D
6037190802,D
36055003400,C
27123031400,D
19113001101,B
25025091400,C
42101017300,C
8031003201,C
36047090000,C
36085012500,C
18089011700,D
48439102401,A
47065001400,C
27123030702,B
18097357200,D
25027730902,B
12086002202,C
17031824701,C
48029170500,C
12086003906,A
36007001300,C
6037482101,A
6037190901,C
6037462700,C
31055005901,B
39095001900,D
6001425104,D
34017011400,D
48029140700,B
25025000302,C
36081147900,B
12103020600,C
42101024100,D
9001074300,C
26121001200,D
6037201401,C
36081099100,B
29510103600,C
34007606300,B
25025100800,C
36067000200,B
55079006300,C
39035185202,B
36061027500,A
6037294900,D
36005022300,C
6001423800,A
36005051600,C
19013000300,B
6037700501,C
25009251000,D
6075030700,C
42003445500,B
40143004400,B
55079008800,D
34031175801,C
40109104100,D
25017373100,C
36081028700,B
36081112300,B
36119006300,C
42101003800,D
27053101600,C
24510130803,B
42077000102,B
6019002200,B
26081013300,C
36085004000,D
36047119600,C
26125152700,A
26163552200,D
39099811800,B
36055001800,C
36047056800,B
17031100300,C
6037199400,D
9003510400,C
17031813701,C
34003057102,D
36085000800,D
26163515900,C
19113002300,B
42101023900,B
25009206300,C
19013001000,C
36047076800,C
36065021302,D
17031230500,C
47065002800,B
9003416200,D
29077001900,D
25025140102,C
6037402303,B
47065000400,D
39035115200,D
36081094201,C
6037530101,B
25009208101,C
29095008700,C
36047025200,B
27137001100,A
1073004702,B
36081009100,D
27053005902,D
17031836200,C
13121009601,C
48167725400,A
21111007000,B
13121002400,D
42101021600,B
25025000802,D
42091202500,A
17031450300,B
37021000600,C
17031805600,B
48113004100,D
55025010200,A
25017336100,C
48485010700,B
6037191302,C
48113000605,B
36005017901,C
42079200900,A
34039032001,B
22071008400,C
26081003800,C
18167000700,C
29510114101,A
21037050100,D
39099810200,D
9003524502,A
36047021500,B
18003002600,C
29095007300,B
26049980100,D
21111004000,C
13121002100,D
48029190603,C
6073002709,C
34013023200,D
36081021200,C
25027732802,C
53033011102,C
6037535300,D
34007603100,A
42101028902,B
25005641700,C
22017021900,C
34017001900,C
6037404702,D
25003900200,B
39153505900,C
31055004900,A
23005001900,B
42003290200,B
17031750100,D
6067000200,C
40109101900,B
17031750200,B
36081117100,B
48375014800,D
21067000700,B
34007604700,C
26125184200,C
17197881700,A
4013114000,D
31109003002,C
34003051300,B
34039037700,A
6037541700,C
26163580200,D
29189212102,C
39035115300,D
36085002700,D
17031530600,D
6037203500,D
25017353700,C
25017368500,C
39153531002,C
34003015100,B
36005003300,D
51740212300,C
34003057101,D
36081157902,C
29510106700,B
55079008500,C
34021001600,D
6037700502,C
36061017300,B
25009206200,C
36005011000,C
20173000300,D
47065002600,C
42003090100,D
40109104600,D
6037208620,D
24510130700,C
24005401200,B
34003047400,B
6037189202,A
34013004100,B
6037143400,B
39035181100,A
19153000803,B
22071004900,C
34039032901,C
25025100603,D
39035171206,C
13051011200,E
27053104100,C
53063001800,D
39153520104,C
6001422400,C
39035103300,D
34031182500,B
44007003700,D
19153004004,C
6001423902,B
23005001100,B
34039030701,C
31055000500,C
39035152501,C
36047013300,D
1073002200,D
36081007700,D
9003524600,C
42003320600,C
6001408300,D
17031838700,C
9005360400,C
12103020400,C
36085007500,C
21117064900,A
42003130100,D
8031000301,C
8101001400,C
55079008700,C
39049004810,B
34039035300,D
6037275400,C
17031411100,C
6037541605,B
39153502102,C
8031004006,C
39155920800,C
24510080700,D
25025100400,B
29510110100,C
6037433401,C
34003028002,C
6037573002,C
6037481300,C
17031711400,D
42101007400,D
29095016800,C
36081071306,B
34003019304,C
27145000602,C
39035177405,B
39035115700,D
6037462400,C
12086001004,D
53053060800,B
17031841900,D
26163520200,D
26163523400,C
6037533703,C
21067000300,C
36005023302,C
17031711200,C
55079186100,D
22071010700,C
29095011800,C
24510271200,A
26125188100,B
34013019900,A
6037432602,C
17201002000,D
39035160800,C
25009206700,A
26163572400,C
17031081600,D
48113001800,C
40109105700,D
51760010402,A
36001001700,B
44007010400,C
6073001900,B
6037463300,B
48113005901,C
21111007603,C
36067000600,C
6037482521,D
39035102700,C
9003504900,C
36005023704,C
36047028600,C
1097000200,D
12057005700,B
17031730700,D
8101000400,B
53063004200,A
12086007103,C
13051002300,C
51760060400,C
1073013100,D
36005022901,C
6037603101,D
25027730801,A
47037011700,B
18163001900,C
20209042001,C
39035171203,C
6037572500,C
29095009100,B
39095000300,B
25009204200,B
36047041500,C
42003471000,C
20173003500,B
26163579800,C
6001423602,C
17031600700,D
17197882500,D
6037242000,D
42013100900,D
13089023000,C
48201511302,C
42077000101,B
17031190900,B
39113000600,A
27123035200,B
17031810900,C
18097352500,C
17031691500,D
34017007100,D
6037620303,C
29095002100,D
36047098400,D
29095008600,B
48201311100,C
20177001200,D
6001400700,D
34023002805,C
39035119300,D
6073002100,C
25005651300,B
27137002600,C
42003488100,D
36081042400,C
36085015100,C
34013007100,D
22071000300,D
25025180500,C
26163536300,C
39099802900,B
25021401100,A
36081071702,C
12086001802,D
48381020400,A
26163573702,C
26145001800,C
42003488200,D
17031340600,D
39035113600,D
36029001500,D
39003013200,B
1097000901,C
36061024100,B
36067005700,B
39153520400,B
39035118301,D
23005002001,C
20209042800,D
21111001100,C
26049011302,D
39035160602,C
25017342500,C
48113019501,A
55079005000,B
29510124100,C
36085024700,C
39049008400,B
20209043301,D
42003010300,D
26099258900,C
29095007900,D
6075016600,D
47037017800,A
34039033900,C
36081048900,C
21111004100,C
36047015900,B
6037404903,D
36005042901,B
29095016700,D
34039034000,C
25017374500,C
21111007800,B
19193002101,D
51760010600,C
6037187300,B
26163985100,D
22017020600,D
34031175802,C
36067006101,C
51770002700,C
18097354800,B
27053100900,C
6001427600,C
36005021602,E
26163516200,D
34003008000,C
25005652100,A
39113001900,C
55139000100,C
34003022100,B
37021001100,C
29189212300,A
17031819700,A
47093001700,D
13121001400,C
25027731102,C
48029180101,A
27053001700,D
20173001900,C
34039035800,D
55079120300,C
34017004101,B
36029001000,B
39099804100,B
48141001600,C
22071006000,D
26125142400,D
39113001200,C
20173000700,D
39035106900,B
53033004200,B
34031182302,D
31109003103,C
26163535400,C
27137000900,C
51710004700,D
39095003000,C
39095003900,C
36029001402,D
6037463101,C
44007016100,B
36119001000,D
9003503100,C
6037224310,C
6037267800,B
6037576802,C
36015000200,C
26049001500,C
53033006300,A
6073002710,C
39095000700,C
42091202402,A
36055005900,C
6037211121,D
24003750801,C
42079200500,A
17031826902,C
55025010100,A
36047029200,C
34013014300,B
29189212700,C
25017312000,D
48029190700,B
25023510200,C
41051001302,D
36047100600,D
34003041100,C
17031570400,C
37081011400,D
25025160101,D
36047078800,C
26125180000,C
36047009000,C
8031002000,D
25017374700,C
44007014700,C
9001035100,A
36081000700,D
6037501802,C
17197882100,C
19153000902,A
34013007000,D
1073003300,D
6037700802,C
39049008900,B
17031580100,D
39095002200,B
34013005300,C
34013013900,D
41051003302,D
18163002600,D
22071002200,C
6001422700,B
27053109800,B
24005491100,B
6037311400,C
36005038302,C
21111003800,C
42003518001,B
12086007001,C
27137001300,B
6037430302,B
18097380501,C
55079001000,C
6037237202,C
42077005703,B
55079016000,C
39113003000,C
48167725500,A
6037431001,C
36047040200,C
55079017600,D
39155921100,C
34007606800,C
25005651001,A
25027730200,B
36047036900,C
17115000600,C
6037265100,A
34031181702,D
36047020100,D
25025050400,D
33011001500,C
33011001700,C
22071009100,C
39035121700,B
9009352600,C
34035051700,C
25027730402,C
48201511600,C
34031180202,D
9001080900,C
21111005100,C
6037234501,B
55025001605,C
39035171104,B
42013101600,C
12086006702,A
26163506700,C
17031070300,C
48485010200,D
41051003801,B
55079170700,C
44007003400,A
22071013600,C
13121004000,C
34001013102,C
34039038000,C
36005017902,B
18163003200,C
26121000500,C
39153504800,B
6037181300,B
39035123100,A
36067001500,C
6037575300,D
51710003800,C
55079018200,C
17031836900,D
36047043500,C
26163505400,B
26081003900,D
42003261200,B
33011001200,B
36005023800,C
18097330600,C
39035177201,C
21117060900,C
18163001400,C
42077002302,A
42003281400,C
17031070400,C
36047057100,C
6067004402,C
53063014400,D
17031560900,C
53053072310,C
12086006504,B
55025001705,C
39153506800,D
6037462500,B
25005640901,B
36005023703,B
36081070300,C
19153000802,B
18163003000,C
25017354500,B
29095008800,D
6037191820,C
55059001800,C
6073007400,C
1073004701,C
8031004302,A
36047117800,C
27137002000,C
31055003200,B
12086007104,C
34007605100,C
29510102500,B
26163546900,D
17043842300,C
25017311800,C
48439104300,A
17031390400,C
48453001303,D
48141003000,D
17031836600,C
53053061200,C
39049005000,D
9001072100,B
51710003700,C
34003017200,C
36085012200,B
25005650202,B
17031816000,C
36005015700,D
9009351500,C
36085024401,C
6037302202,C
17031824702,D
53033004301,B
48245001700,D
34003007001,C
17031020902,C
42101011200,C
17201001100,D
26025000800,C
6037532002,C
26163507300,D
55079005800,B
25017356300,B
34021001200,A
42003170200,D
36065021303,C
42003270100,B
36029001900,C
24510200200,C
37119001000,C
6037294830,D
26163533700,C
27053102800,C
34013014500,C
26163515300,D
34031223801,B
39095006500,B
19153004400,D
34017020000,C
22071008300,D
53063001400,C
17031810200,B
19155030602,D
36055011100,C
6037480703,B
39099801500,A
42043021300,B
12031002702,D
39095004400,B
39035104900,D
36047123700,D
36005046000,D
42003270400,D
36047095600,D
26049000800,C
34013016100,B
36047000200,D
26163513300,C
39153502600,B
36047057300,D
36119003200,C
26163578600,C
36081065400,C
34017007500,D
34017010600,C
6037241002,D
18097342101,C
24510250102,C
6037570501,C
6037237800,C
55079012400,C
54011000500,C
36093020800,C
9001071000,C
6037601900,D
48453001603,A
31055006701,A
39035117500,D
26163530100,C
25017370202,B
36055007802,A
36007000100,C
26163552800,D
39153508301,C
55079008400,C
6019002502,C
34039038500,B
39153507400,D
45079002200,B
6037462002,D
37067000700,C
36047021300,B
40109102800,D
17031590500,D
39003013400,C
6001421600,A
39035161500,C
18141010500,C
42101038700,A
5119001501,A
34017004200,C
29510108200,A
53063002500,C
48201412000,A
13121000200,B
42101000803,C
34007603901,B
23005001700,B
6001400500,C
13021013700,D
24510160801,B
39035160601,A
18141000900,C
26163543500,B
47157006500,C
29510119102,B
26163552400,D
12103020101,D
39035177302,C
18163002500,C
20177001300,B
26163539600,B
12057005000,D
39153507300,B
6073003109,D
18163000500,A
21111000700,C
42049001200,D
27123035300,B
18097360102,D
55079020800,C
34013013400,B
36047017900,D
27053106000,C
17163502401,C
23005001000,B
17031815000,B
12057005401,A
22017022500,D
36083040400,D
17031301801,C
54069002600,D
36119000103,C
25017311200,B
17031813301,D
41051000402,C
40109102600,D
39035118101,D
6037460100,A
34021002200,C
31109001600,A
36119006500,B
36001000502,B
42101023800,C
36005025700,C
49035102600,D
42003435000,C
51760050600,A
36085013203,B
6037553801,C
23005000500,D
23005001300,C
41051001601,C
25025130406,C
20209040400,C
19193001800,D
1073004800,B
17201001800,D
36119001401,C
18097341903,C
17031150300,C
18003003800,C
18097357000,B
39003012600,C
55079018400,D
23005003100,B
40109105300,D
42073000800,B
36085017011,C
34001002500,C
47157000300,D
31109002200,C
40143002000,B
31055002500,B
9001021600,C
6077000401,B
36001013300,C
6077001200,A
21111004400,C
17031816402,C
24510280402,B
21111006900,C
25017312501,A
21111003700,C
6075031000,B
26163554400,C
34013021701,C
36047031400,D
47037011800,D
55079170500,D
36119004000,C
51710006400,C
26163535000,C
48201310400,C
29510105198,A
6037602003,C
27053001100,B
36047055800,B
25005650400,B
29510101400,C
6037207501,C
6037189102,C
48201310900,C
36081104700,B
9003504100,C
42101011300,C
27123035000,A
25017339500,C
34013014400,C
36081068200,C
9009352702,C
9009350900,B
42003468900,C
36081146700,C
34013009500,B
34003029200,C
34023005000,C
24005421101,B
12086003911,B
17167002801,C
17031490800,B
34013009100,C
39035123603,B
36061010602,D
26065001200,D
25025020101,B
36047086600,B
29510126600,D
26163569700,C
17031814400,D
34013015900,C
36007013400,C
17031390200,C
26163580600,C
17031210100,D
39035160500,A
55079005100,C
34013014200,C
17197881402,B
48029180201,B
6037207101,D
26049003000,B
19061000702,A
6037141102,B
27053012102,C
42091201603,C
36119002107,A
33011000700,B
53063000700,C
26163534700,B
44007003601,A
26163538800,B
12057006300,B
17031120400,C
6001401400,D
6037217100,C
34007600400,D
34013012000,C
6037127805,B
39153502300,C
36029016400,D
48201311500,C
40143001900,B
36061031100,C
6067001800,C
9009140400,C
36081029700,C
6067001500,C
34017001100,D
6037191000,C
42101024500,D
53033005801,C
12031000300,D
53033003300,B
29095007200,A
53053061800,C
18097352700,D
39035114501,D
36047000700,D
17031062600,C
12086006900,B
37081010404,A
25021400500,C
6073000500,C
42101007700,C
55025000700,A
18097360900,D
36085030301,D
39049001902,C
39035185102,B
28049001000,D
34031124700,C
34003010300,C
6037301400,A
19013000700,C
41051003902,B
1073010701,B
6037532101,C
55079100700,D
34031182800,D
17031110100,C
13121005200,C
55079186400,D
19193000900,A
34001012100,C
6037143100,A
36061013700,B
34039031700,A
36065021000,D
51770001200,C
55079090600,C
6037433200,C
55079100800,C
34035051800,B
36005024700,C
18097322100,B
25025050901,D
48141002600,D
6037296902,C
34031143400,C
53033011002,C
40143003400,B
6037195803,C
36015000700,D
36055009603,D
34003043002,C
47065001100,D
55079008600,D
17031060800,C
42003111300,B
26163566800,D
6037214700,C
18163001100,D
37067000302,D
25017342202,C
21111007100,C
39035134204,C
17197881500,B
55025000902,B
36001013400,C
36063020500,B
34017016900,D
4013110502,B
39035196400,D
4013114900,D
22017021200,A
6085500600,B
1101000700,C
6037701502,D
42003151700,B
39035101102,C
42049001600,C
18167000500,D
39035132200,C
17031480300,C
6037554105,C
36119006600,A
25027732002,C
17031460400,D
26099250200,C
25003900400,C
29095005200,C
36047054500,D
36081109900,C
36081063700,C
27053110400,B
40109100800,B
39095004504,A
36063020900,B
6037430600,A
17031500300,D
1073005500,D
36047007000,B
44007002400,B
6037224420,C
34003031400,C
55139000700,C
18089020400,D
6037234502,B
42003551200,B
42133001100,C
42101025300,C
25017338500,B
4013110501,C
34013014600,C
51680000700,C
25021417400,C
18097357600,D
17031140800,B
36029017100,C
26163545700,D
6037576401,C
51740211600,C
6037269904,C
34031154001,B
36119000702,C
42013101100,C
48167724400,B
26163576100,C
18097355900,D
5119000500,D
6037481201,C
36005019500,C
41051003602,C
27137001400,B
51710000600,B
6001404800,B
17031520200,D
36005002800,D
39035152101,A
53053063400,C
25025010802,B
9009361500,D
34007600800,D
17031836800,D
9003415700,C
41051001202,C
53063004000,C
19163010600,C
17031530501,C
17031800600,A
42133001500,D
55101000300,D
25017336300,C
17031832500,D
26163520700,D
6037570203,C
17031836500,D
18089040200,C
44007017900,B
18097351500,D
6075025300,D
36029005100,B
39035178205,C
39113002900,C
39095007902,C
55079002300,C
36029011000,C
26125141600,C
24510270902,A
53053062000,C
17031200200,C
12031002501,C
42101001202,D
51760030100,D
22071004000,D
36007000200,C
39113000700,B
42071001000,B
17043840600,C
17115000900,C
17031100700,C
25017354200,B
37067000802,D
36061005900,B
17143000900,D
29189212001,B
36047072800,B
26163580800,D
6037402804,C
9001021200,B
37081011601,C
36001013200,C
27053110900,B
26163551100,A
6037575001,D
21117067100,C
39035102401,D
17031630300,C
36047005601,B
26081011500,C
26163580100,C
5119004500,D
36067013100,B
36119001102,D
36005035100,B
17031431400,C
6037221220,D
39095002401,A
36061008700,D
26125183600,B
17031081500,D
25017353400,D
36067004800,B
6075011200,D
8031004304,B
17115000200,C
48113020600,A
36067005100,B
6037311500,B
34007601102,B
19113001800,A
48201312500,C
4013110600,C
13051003000,B
42079213000,A
17031580400,C
20177002100,B
36047053100,D
37081010300,C
17031140302,B
6001428400,C
6037480202,A
55079009100,C
36081134100,C
6037208720,C
18089021500,A
34039034400,D
1073004500,D
49035102802,D
27123030100,B
17031730400,C
36081008700,D
48201332900,C
42045404500,A
6085501600,C
42003486900,C
42003040900,D
48201410200,B
4013114402,C
39035185104,C
36047102000,D
12086007300,B
42071000700,B
39035132100,C
29095006300,D
6037432500,C
6037125310,C
48245002000,B
41051007700,C
17097865200,C
6037310800,B
17031270500,C
36047051700,D
42049010700,B
12086004205,B
26099258400,D
37119000400,D
25005640500,B
6075013200,A
39093023300,C
42003140600,A
6037274202,D
26163550400,C
9009154100,D
48375014500,D
34021001900,D
6019002602,B
34003006100,C
6037204110,D
48113000401,C
13121006300,D
6075023200,C
25009251200,D
42049001400,D
4013113300,B
6037228800,D
25021419200,B
6037554301,C
12086006709,C
17031809100,B
44007001500,C
39153502700,C
1073000800,D
18141000700,B
22071012102,B
20209045000,D
6037542000,C
27053107600,B
27053100800,B
26163517200,D
48113001900,D
36081094700,C
36007013201,C
26065001000,B
53053060500,A
12086007002,D
18097355000,C
6037300400,C
6001407500,C
8031000800,D
34039031802,C
42101028901,B
51680001100,C
17031811200,C
34003047200,B
20173003900,D
39035120200,C
17031350100,D
42003562000,B
26065004492,C
37081010200,C
42003130300,D
48439111104,C
55079019300,C
6037532001,B
13121000700,D
42101032900,C
19163010900,D
51710005902,D
39095002300,B
6073002803,B
6037531503,D
6075022903,D
36047059300,D
6037269903,C
6037141101,B
17167002200,B
29510126800,C
36061001001,D
48141002202,B
55079091400,B
55079070100,B
39095002000,C
55079018500,C
6037301701,C
25017354000,C
26077000500,C
25003900100,B
48439102202,B
48141002100,D
29095008000,C
39023000200,D
42101017100,C
38017000502,A
25021401200,A
1073002305,C
36065023300,C
39035152301,B
1097001002,C
12103023000,D
24005403300,B
25025070200,D
6037271200,B
6037209200,C
53063001900,B
6073007502,C
26163574100,C
55079002100,C
17031130100,B
42049002900,A
36047007700,D
26081012500,B
39049006100,D
39113004100,D
6019000501,C
13089022403,B
53033009500,B
9009141900,C
6037480804,B
42095017603,D
36005009000,C
48375012800,D
6037570502,C
6077000402,C
37081010701,B
9001030400,C
48167725100,B
36047035400,D
25023511100,C
39035119701,C
48375012600,C
44007003100,C
27123031702,C
34039031100,D
29095007400,C
6037540102,C
42101023100,A
17031640600,C
6037199300,D
40143003500,B
55059001700,C
36081053900,C
54099005200,C
34039037200,C
42079201400,A
9001070300,D
39099801700,C
12057002700,D
6073007100,B
6037431501,B
42003310300,D
37067001200,A
6037552200,C
17031819100,C
31055005300,B
39049006000,C
42049000100,C
42133000500,C
48029980002,C
51760060600,B
39099801000,D
24510210100,D
12103023600,C
42101009801,C
6037301602,C
6075047901,B
17201002500,C
25005652700,C
34039031200,D
48201510100,C
6037143800,B
36081107201,D
26049003800,D
6073007200,B
22071005601,C
13121000600,D
36029007000,C
27053100400,C
8031003603,C
26163507000,D
34039038900,D
36083040900,D
8031000902,D
25021416400,A
22071010200,C
39153504700,A
25021417602,C
29510101800,D
25009260200,C
36047053900,D
1101000100,D
51770002600,D
19113002400,B
9009351700,D
36085015603,D
26065006500,B
25027710500,C
6037294110,D
18003000701,C
34013010000,C
36081020800,D
6037239202,C
36005029302,B
17031840200,D
6001432700,C
27053109400,C
36067000501,D
51740210500,D
39049002520,C
36055004602,C
40143001600,C
6037535400,D
17031827100,C
24510250401,C
6037125402,B
37081010500,A
44007003500,A
36085016901,C
39095005502,B
42101036700,D
6037601001,C
26163554200,C
25017336401,C
39151702100,C
6037310702,C
19113000901,B
47065012000,A
1097002502,C
36047098200,D
42003423000,B
39035123200,C
51740211500,C
6001403501,C
12086006403,B
24510271400,B
12086004106,A
26081001500,D
6037701801,D
12086005403,C
39035152202,C
49057201302,B
33011000101,A
51710006100,D
55079007200,D
53033008400,D
42101000901,D
26099268100,C
6037536103,C
36067005500,C
42003476200,C
6037242100,D
39035121300,C
25009205200,B
39093097300,C
47093002900,D
26125171200,C
39035101400,C
47093006900,D
17031831800,B
42003141400,B
39049002200,C
29189214100,C
47157005500,C
36029006702,A
39099811400,A
39099804200,B
25021417802,D
26163526000,D
6037703200,A
12086006102,A
36093021400,D
17089853200,C
39035160900,A
12086004703,B
25017388300,D
42077002301,A
18003000500,C
39113021502,D
25009261000,C
42077000900,B
8059011300,C
36085013800,C
42101021500,D
42101008200,B
29510115200,B
39035171102,C
21117061100,C
18003001300,C
6037533103,D
18097320202,C
34039036700,B
36047054900,D
36081108500,C
6001404200,B
6037103102,C
9001022200,C
18003001700,C
12086001501,D
21111009000,C
34003011400,C
27137015700,C
22071007101,D
9009154900,B
36047051500,D
36081147100,B
51760060200,D
17031810000,B
25027710800,B
24510280404,C
39113000400,B
53063001300,B
36067012500,C
26163524300,D
44007003200,B
37021000200,D
42021000300,C
18089021400,B
26081000800,C
36005029301,A
6077002000,D
6001427200,D
36081102900,C
17201003606,B
6037403000,C
6037228900,D
27053102000,C
34039031000,C
42077009500,B
6085503112,D
36005009600,C
6037228100,D
6001409600,D
9003416300,C
36067004000,D
36061023700,B
48113010102,D
36061008000,B
6073006100,D
39099813700,D
17031801200,B
36061001002,D
51740210900,D
48201410600,B
17031020500,B
39113000200,C
19163012902,B
34013007800,D
37119001400,D
8005005951,C
39049005700,C
29510115600,D
42003562600,C
6001421700,B
34007602602,B
17031120200,A
26121002100,D
12103022000,C
27053107500,D
17089853300,D
39035153106,A
39049005200,C
36085014700,C
36047114600,D
36119002900,C
48245006100,C
25017350700,B
36061014402,B
51770001900,C
6037262706,B
39035170202,C
36055012700,B
1073011904,D
36067014000,C
34003051200,B
42101006400,B
29189217200,C
36085008100,C
12103021500,C
6073002708,C
9001074400,C
22071007502,C
26121004300,D
39035152701,C
53033004100,A
24510080200,C
26163503300,B
21111000600,C
17031811500,C
41051004002,C
17089853600,C
34013010400,A
9003497600,B
36007000400,B
6037571200,A
39035116700,C
39049006821,C
6067002600,B
29510127200,C
36081142900,C
42101006600,C
42021013500,C
25017356400,B
17031843800,D
48029191005,B
39035114600,D
41051004700,B
54011000400,C
44007010800,C
55025001704,C
24510280403,A
36081061000,C
42091201706,B
34017014502,D
36085002100,D
27109000500,B
36047077400,B
18035002800,C
37067000200,D
6037264302,C
6037296500,D
31109000202,B
42003110600,B
6077002300,D
6001410400,C
12086004406,B
29095002000,D
29095009200,B
39035152604,C
12057004900,D
8101001100,B
6073004200,D
26025000300,C
17143001900,C
24510280102,B
36081047800,B
39151700500,C
44007015100,B
25017354100,B
27123036600,B
24510271700,C
17031470100,D
39035116900,C
53053062300,C
20173002100,A
36005030701,A
47065001200,B
48029190200,A
42077006102,A
18003003000,C
34021000200,C
53063000500,C
17201000402,B
36119002401,C
36067002400,D
39049000110,C
36081061200,C
36029001600,C
39113003100,C
34013015800,B
53053061001,C
17043843601,C
9001080800,B
21111009600,A
6037265202,C
51770001800,C
39151701000,B
39049000720,C
36029009401,A
36067001702,B
47157000600,D
6037219902,C
13215001600,D
26163541400,C
34001012501,C
21067000200,C
36005012300,D
17201001900,D
36029016700,C
6037207502,D
34003059200,B
39095004701,C
6037572201,D
27123032000,B
19113001900,D
25005651800,B
47065002300,D
34039032002,C
22071007200,D
36081094500,C
36001000403,C
55059001200,C
51740213200,C
24510200800,C
55139000500,D
55059000900,C
26081003200,C
9009141800,A
25017373200,C
12086000608,D
40143000900,B
36119002105,A
39035115900,C
34001001900,C
26163537600,C
36083040200,C
42101010100,C
26025004100,D
40143000400,D
44007017800,D
6037670100,D
29510102200,B
12103023800,C
26081002100,C
6037572202,C
6037463700,C
26125181600,D
34007605300,B
27053111100,B
36081015700,D
36061021100,B
34039032902,C
25025090700,C
44007017300,B
39153504400,C
1073001600,D
36055001000,C
21067000102,D
31109001003,C
39035151100,C
25027730600,B
34003048100,B
17031830700,C
6037620301,C
25025000301,C
55059001600,C
48201310300,B
20173001100,B
25009206800,C
36081070700,C
34013016000,A
13121005300,C
36047053700,D
24005420500,C
36081003300,D
36119003000,C
6037127910,C
29510116200,B
20209043000,D
48439103800,D
18003000800,C
39095005300,D
48485011000,E
6037224020,D
26065980200,C
1073002400,D
6037502003,D
49057201200,D
12086005102,C
25021400900,C
34031183101,B
26163573500,D
34035052001,C
22071005603,C
42101018400,C
48141002400,B
53033006000,B
27053100200,B
26049012202,D
36085006700,B
37119000300,D
39035153105,C
25009260800,C
6075016500,D
27053105204,D
55025001200,C
6085505600,C
39151702500,C
25003900900,B
6037404802,D
6073014102,D
42077000700,B
48439100202,D
6037600502,C
47093000800,D
18097361300,C
6037620601,D
25017373500,B
34001012602,C
17031820000,A
6037183103,D
18097354900,D
6037195500,C
21111003000,D
17031191200,C
36061002900,D
6077001300,B
6037404301,D
27123036700,D
34017005300,C
36081105900,C
27053104000,C
29077000300,B
51770002400,C
29095007700,D
6037265305,C
6037311802,C
25013810601,C
53033008900,B
34031124401,C
25013811200,C
6037535606,B
13121001700,C
39049005410,C
26163550900,A
36047003500,C
31109001700,A
17201000300,C
18097351000,B
34003031300,D
21111003600,D
22071007605,C
39035117700,C
17043843700,C
6037404901,D
39095005902,C
48113002500,C
42049010500,B
6037262100,A
27123035800,B
54039000800,B
44007018500,D
6075020402,C
39151700400,B
27053011800,B
42003515100,C
39151701500,C
18141002800,C
36085017009,C
26049001600,B
18097391000,D
19153000701,D
9001022300,C
48439100502,D
39153505200,B
6067002500,B
18097370202,D
26081013000,C
36029001100,B
31109001400,C
36119004800,B
39099810700,C
37021000700,D
36085017005,C
48439100101,B
55101000901,D
29510103100,A
40143003700,B
22071012300,B
36067002101,D
6037701000,C
18089030100,D
39035119202,C
17031520500,C
29189218900,C
36085001700,D
53033006600,B
34017000600,C
6085502302,B
26081000900,C
29095000900,D
37081011200,D
42095010800,B
53053060600,C
33011002400,D
6067002000,C
55059000800,C
34039036600,C
47065002000,D
8031000102,C
34013013600,C
36081130100,C
21037050500,B
6001404000,C
6037186401,C
17031260100,C
42003261500,B
22071012800,B
27123033800,B
36047034300,D
9001070100,B
42101009200,D
6037430902,C
8059010702,C
36119003800,B
39049000330,D
6001408000,A
34023002901,C
26049002300,C
34031180300,D
26077000300,C
36029009502,B
26049002400,D
49057201600,D
25009204300,C
25017353000,C
6037310703,C
48485010600,E
21111003500,D
12086001606,C
48113000601,C
22071001200,D
17031100500,C
6001404300,B
1101001300,B
36027220100,D
18097357100,D
39095003500,C
26081000500,B
48201411000,A
34031183000,D
12086005104,C
17031730300,B
24005430200,C
42101020900,C
12103024100,D
12103022200,C
36061005000,C
24005430900,C
36029000200,C
17031080201,C
6073008102,A
17031834000,D
39153507203,A
55079002400,C
6037572002,C
48113006800,C
36081061602,C
42077006800,B
34013013500,C
39035181203,B
25009260600,C
1073004901,C
25025110601,B
17031480500,C
34039034900,B
44007017100,B
26017286600,D
34003021500,D
42091201703,C
6001405200,B
20209040200,D
26163985000,D
13121005800,C
26065002101,C
39035118602,C
48439100201,D
6001422600,C
9001073800,C
36119000802,C
39049000910,C
20173004300,D
48245006700,A
39095006200,B
19153004001,C
17043845602,C
51760040900,C
49057200900,C
36047078200,B
55025002100,C
34039034100,B
4013111800,B
36047005900,D
42133000800,C
29077000800,D
6001408200,C
39035177608,C
6037207710,D
9001080600,B
34003041302,D
36029005400,B
27053002400,D
42003120700,C
27145000601,C
39049004500,B
42091201606,B
6037406101,C
42101029900,C
6037189800,C
1073010900,D
42101021000,C
53033005900,B
25027730700,B
41051002100,D
40109100300,A
48439103500,B
18167000400,D
25009260301,C
39035160300,B
42003470600,C
37119003500,B
26163553400,D
42003980600,D
34023002605,C
36055013901,C
9009142700,C
17031805502,B
36081122702,C
20091051200,C
48375013000,D
26163530300,C
42043021700,B
6037109500,C
6001407200,D
17031809700,C
25017353300,D
31109001800,B
6075013300,A
12103028500,D
25017357200,B
48439102800,A
6075025500,C
41051003000,B
42079213700,B
42003191100,C
36047083600,B
17197881800,B
9003415800,B
9009142500,C
36061010200,A
6037301206,B
39049005420,B
6073002712,D
25005650101,B
13021010300,D
42003070300,B
18097360700,C
6037542602,C
12057006000,B
42101038800,B
9003497400,A
54011001000,C
25027731002,C
48201320200,B
23005003200,B
55079016500,D
36055012600,A
17031809300,C
25017353101,D
17031842100,C
36065020300,D
18097361200,C
34003006202,C
25021418101,B
34007602902,B
12031002502,B
34031182100,D
17031808900,B
1073003400,C
36047110400,D
6075016200,D
22017022700,A
34003025100,B
42101014300,D
39099814000,D
36081099802,C
34039031601,B
39023001500,C
42101000801,D
6037461300,B
19113001200,D
9003504200,B
39049001500,D
42003191700,C
6037540203,C
36047005000,A
37063000500,C
12103028402,C
6037125600,A
34031124602,B
39153507101,A
9009351602,C
12031002300,B
36081059400,C
6037405101,D
6037540101,C
36007000600,C
42003070500,B
48201412400,B
42043023100,B
6037572001,C
6001432600,C
47157004200,D
1101003301,C
36047062200,C
6001420300,C
25017339700,C
36005022404,C
17031819801,C
42077000400,B
6073007002,B
36027220300,C
34017007800,D
21037052100,B
55101001302,C
26125183400,B
9001022100,C
18003002500,B
48141002800,D
18163001700,D
12103020700,D
22071014100,D
29189213800,B
6037464000,B
29189219200,A
26049001100,B
18097356200,D
45079002100,C
24005420702,C
36063021000,C
39035103100,D
24510150600,C
6037533104,C
6037463200,C
6001406700,C
17031840400,D
37067001800,C
48245002500,B
39099804300,B
51650010601,D
48201411400,A
21111008900,A
25009206100,B
19153000704,C
17031809000,A
17197882602,B
6037501803,D
39003012300,B
42003070800,D
36067004302,B
37081010602,C
6037128303,D
39095001500,C
9001073400,C
26025002100,D
8031000702,C
21067000802,C
34039033700,C
24510010200,C
39035127501,D
5119002900,D
39035160400,B
39035172201,C
24510090100,B
42091201605,C
26121000100,D
26099255700,C
6075042700,B
34017001300,D
36067003000,D
36061023600,D
29077000900,C
12086004105,A
6037128602,B
18089011300,C
26081012300,A
13121003000,C
6019002800,C
36047099600,D
4013108501,C
17143002000,B
9009142300,D
18089011200,C
13121009502,A
42003420000,C
55079170600,C
27053000603,B
26049003600,C
12103028300,C
42101008301,C
27123031300,C
18141000301,D
48375015400,D
12086002404,D
26125153100,B
37081010900,C
27123030500,C
24510271501,B
6067001600,C
36007013600,B
27109000300,C
18003004300,C
12103022100,C
18097353500,D
6037211000,B
31055003100,C
26125142200,B
39049006600,A
34017011500,C
26163566700,C
17043842900,B
36081030904,C
1073000100,D
18097353600,D
36029010500,C
36055012800,B
48201312900,A
26077001100,C
6075010400,C
13215002200,C
1073010702,B
29021003000,D
25009205700,B
6001405902,D
25017338300,B
18097360201,C
17201002302,D
55079080100,B
6037575801,D
47093002800,D
39035102200,C
41051002903,C
6075030900,A
39095010300,C
39017014700,B
34003047300,B
34013014100,C
55101001003,B
13121006000,B
48485011900,A
27123037000,B
25009250200,B
39023000600,B
47157002900,B
17115002000,C
24510150701,B
37021000300,C
25017353600,C
26163540400,D
42077002202,A
6037461200,A
6037402801,C
44007016700,B
34003023301,B
34003003500,C
17089854100,D
39153504600,C
37067000100,C
39003013100,A
36013030500,C
36047072200,B
37067001000,C
29510127400,D
25017374400,A
12086001903,D
39153503400,D
42003060500,D
53033010001,C
42003563900,B
18097357400,D
34021000900,D
6037125200,B
6037651302,A
21037052400,B
34039032700,B
42133000600,C
37063000302,C
48113980100,C
24005400900,B
36029007102,C
6037500402,C
26081004200,B
51710000300,C
36047059600,C
34007601101,D
34003041301,C
8101000200,D
20173002300,C
9003415900,C
18141003200,A
25017356702,B
6037294820,D
6037601401,C
36081126700,C
37063002200,C
6067001700,C
26163501500,C
8031003602,C
6037185204,B
12031000200,D
36081061400,C
51760040800,C
19113002500,B
17167000503,D
36029006302,A
6037577000,C
12103023900,C
6085502500,B
18089012500,C
36029009301,B
34031180100,B
34039036000,C
34003036100,C
36119000803,B
26163542600,B
29510101300,A
36081101002,C
12086006206,B
36047038200,D
9001072000,B
36047005602,B
39003013700,C
17031832300,D
6037532102,C
31109000700,C
36047012902,D
36029008002,B
26081002800,D
34003059100,B
48439104601,C
48029180400,A
25017341300,C
42133001000,D
24005490703,B
34021001300,A
1073003500,D
36047032500,B
6037294410,D
6073001100,B
34001012502,C
39153507600,B
36029017000,C
29077000700,D
20173000200,D
25025140201,C
34017013300,C
55079008900,C
42003981200,D
39035152102,B
26081001300,C
42003486800,C
51710000700,C
26077000100,C
17031630200,D
55139001200,D
47065000700,A
34039039100,A
36047003300,D
21067000400,C
22071000400,D
39093023600,D
34023004900,C
34039039500,D
21067000500,C
17031815702,C
12086003921,A
36081098700,C
42133000300,C
17031031300,C
8031000501,C
1097001400,D
34013013100,D
34003022200,B
9001073000,B
17031829000,D
1097001302,D
13089020100,A
34017010100,C
55079009600,C
39035132302,C
49057200300,C
13121011202,C
27145000701,C
48375011500,A
25013810902,B
42021000500,C
48201210100,D
36061006000,D
51710003600,C
51710001200,A
26049003500,C
39035116600,D
41051006002,B
25013812104,B
26163541800,C
29189211900,C
18163003600,C
47037017401,D
1073000700,D
25009260500,B
51710002800,B
38017000400,F
36067013200,B
17031811000,A
27123033300,B
42101020500,D
55079003300,C
36065020102,D
41051000200,C
17115001900,C
36085013302,C
36005022000,C
36081004700,D
51710002200,B
39003014100,D
39035103602,D
26163500600,C
6073007903,C
36007001400,B
9009141200,D
9009142604,C
34039030500,D
36081020500,D
39093022100,B
6037301000,B
17031060900,C
36047107800,D
13051002800,D
39153510100,C
6001400400,C
6037404701,D
47037012200,C
31109000500,C
17031809400,B
34013007900,D
20177004000,D
17089852904,D
39153504200,D
34003023401,B
39153520202,B
25025170701,C
8031003203,A
36015010800,C
6075026301,C
42095010300,B
21111002700,C
26081013400,C
55139000400,D
51770000500,C
44007011100,D
54011002000,A
42071001400,B
40109105800,D
51760050400,A
6085500500,A
48453000603,A
39095005400,C
12086001103,D
12031002600,D
36055012500,C
42077001502,B
41051003200,D
53033003200,C
48439103701,C
39035176100,C
55079020300,C
13245011000,D
6037433307,C
6037540400,D
51760041100,C
19193001900,C
42003550900,C
6067002100,D
37067002001,C
13021013800,D
12031017200,D
6037570303,C
39095001400,C
42049001000,B
48453000802,D
36047114201,B
6037463400,C
17097865502,B
25005640100,D
42079200200,A
17043842000,C
39035117800,D
21111009400,C
22017021300,D
39035161800,D
6037554104,C
48453001200,B
48439104505,D
9003500400,D
36085014604,C
36081097300,C
49035100308,D
36047053800,B
48439101302,C
39035103900,D
9001061100,B
42045404600,A
53033004900,C
48245000900,D
26163579100,C
26145010402,B
36007001700,C
42003060300,C
33011001100,C
36047079400,B
39035123501,C
42101011100,D
25017342102,C
39035124500,C
6037273800,D
48439123600,C
39095005801,C
42095017901,B
27053105500,B
9003416600,C
34001012802,D
36085012805,D
18003000900,C
9003417100,C
17031842900,D
42091200308,C
36081101700,C
53063000400,D
39017000300,D
12031001300,B
26099263900,C
39035134100,C
41051005700,D
41051002902,B
42045406100,A
1073005200,D
25017357800,A
48029110700,D
39017000400,C
19113002800,B
6037214902,C
29189213500,C
6073007302,B
22071003307,D
42003241200,C
25017312400,B
17031120100,A
39095010001,C
47157007500,C
25017338100,B
36047005202,B
36081076901,B
17197881900,C
27123037601,D
22071014500,D
51710005000,D
29510115700,C
34013021200,A
34031175402,D
39035123700,C
29077000400,D
54011001400,A
41051002303,D
17031351000,D
48029192100,D
18141002900,D
25017312200,C
39093023200,D
36085011401,C
25025071201,D
47065000600,C
17031800100,B
39049006822,C
36083040800,C
6037310701,C
36093033400,B
37021000900,D
6037575402,D
6037530102,B
34023003201,D
36047003400,B
36093020700,C
6077000600,D
13245001100,C
9009155100,C
36047056900,D
18141000800,A
36061022500,B
17201001700,C
48113006501,C
40143002700,D
36119006400,A
6037207400,D
34039033800,D
24510250101,C
21067001400,C
47157005600,C
18141000500,B
39151701100,A
24005420900,B
20091050100,C
34013014900,A
42091204600,A
17031251000,C
22071000200,D
54039000900,D
17089853900,B
17201000103,D
6037533002,D
36047045300,D
36007001800,C
26125171100,C
42049003000,C
17031310300,D
42003450800,D
36063022401,B
20177001000,D
39049004700,B
53053940007,C
36047048500,D
17115000300,C
39113003500,D
6075042601,C
6075015600,B
18097322000,C
39113070202,D
8031003002,C
36013030200,B
12103024200,D
39095000900,C
18035000600,C
21117061200,C
44007002500,B
36081157102,C
27053003200,A
36047003100,D
6037572600,C
39023001400,B
12057006103,B
36061021900,D
39035124201,C
6037297000,B
36119005200,B
34039036500,B
8001007801,D
51740210600,C
51650012000,C
29077000600,C
51087200301,B
25017368300,C
42003431500,C
27137000700,A
4013117200,D
9001072800,C
6075023103,D
36067013000,B
19193001200,D
25023511302,C
26065004493,B
6037431700,C
55079002000,C
23005003400,B
48485011700,B
6037310501,C
18003001600,C
55079007800,C
51710006000,C
34017004700,D
27137002200,D
6085500901,C
6067003000,C
34003017500,C
39153508399,C
13089020802,C
42071000400,B
39095002600,C
41051006300,A
42101012100,B
36081049200,C
36047122000,D
22071011100,C
36005026900,C
25025180400,C
39035105602,C
12057007200,D
39049003700,C
39155921600,C
36093020101,C
42003020300,D
34007601600,C
24510260202,B
49035102900,D
39035134300,C
18097330805,C
6067001900,C
12031001400,C
21111004302,D
26121000601,B
4013114301,D
27053110000,D
42101027901,C
37119002600,D
6037541603,C
6085501000,C
29189217400,C
41051001702,C
48113004202,B
48439104605,C
36061023300,B
36081062000,C
36047046800,B
54099005100,C
34013019400,A
26099264000,C
17031830900,D
36081031700,C
17201002100,D
17031829200,C
36061022900,B
25017339200,B
6037463500,B
39035171204,C
6067002300,A
41051002402,C
17031810600,C
17201003100,C
53053060904,C
48029191006,B
6037235202,D
6085501800,D
44007003300,B
48201211100,C
34013012800,C
26017280700,D
18163002900,D
51760010300,D
12103021800,C
17031810502,C
13089020300,C
12086005103,C
17031811900,A
36085013201,B
36081087100,D
39049006910,B
36047087600,C
34013015000,A
25017373600,B
36007013500,B
34013022700,D
6037211802,C
39035123400,A
6077000700,D
39153520600,B
29021001500,D
36047034000,D
6001408700,C
44007013400,A
53053061602,D
20173003800,C
53033006700,B
25025020302,D
18089020600,D
31109002701,C
51650011500,A
26163524100,C
36065021103,D
26099258100,D
19193002102,D
36007014000,C
39049002600,C
12086001904,D
34039035900,B
1073010705,B
24510280101,B
34023002500,D
9009141400,B
12103024703,D
36085025100,B
5119004600,D
51710004002,C
34007601700,D
34003023100,C
25025981800,C
19193000800,B
39099811100,D
25013811600,C
29189221900,B
31055001600,C
26049010812,D
39153530901,C
13121009603,B
6037481102,C
39035117101,C
18097353300,C
39099810800,D
36055013601,C
36047056300,D
42013101800,B
36081099701,C
34001013000,B
37067001100,C
17163501300,C
42003191600,C
36085009700,C
36067000800,B
38017000501,D
6037462202,C
48113004201,C
17031320600,D
42101039000,C
17031590700,D
12086002900,D
28049001200,D
13215011100,D
25009251700,C
6037430701,A
36015000900,C
34039039300,D
17031835200,C
17167001100,B
17143002200,B
12086004206,B
34021001700,C
36013030600,C
40143004101,A
42021000700,C
39153505600,D
6037212102,C
17031080100,B
21117061300,C
34013020100,A
6073008200,B
13245001000,D
48375012200,D
34031180800,D
42021013400,D
18141010400,C
53063004500,A
55025001101,C
13121008500,C
34017001701,D
27053104800,D
25017374800,B
6067004401,C
6085505700,C
25025170400,D
34039037000,B
6037141302,A
27123031100,B
36085020804,C
31109000100,C
17031812000,B
42101029100,C
6037201301,D
12086003004,C
39035177304,C
42003563000,B
12086003804,B
51770003100,C
6037212101,C
26163538100,B
26081000700,C
25009251800,C
34039039700,B
36061022301,B
12086002201,C
55079007400,A
22071013301,A
48453000700,C
27053106400,B
47157001600,B
17043845300,B
25017368800,C
51550020400,C
6075010900,C
34003038300,C
13245000200,D
44007018000,C
18097342200,D
39049007520,C
27145000301,A
9003417300,B
42077001401,B
36081036600,C
55059002200,B
42003552200,C
6075016400,C
25025160400,D
39035152502,C
6075020900,D
36067001701,D
51710001700,A
1073003002,D
6037125100,A
53053061700,C
9009165400,B
34013019200,B
12031012400,C
54011010900,B
55101000700,C
36067002000,C
21067000101,C
17201003300,C
13121009900,A
6075023400,D
6001407300,D
6037402502,C
29095009400,C
42101020600,A
36029004500,B
6037276500,C
27053102300,D
44007017700,D
34039035100,C
47037013700,D
37063001400,D
19153004100,C
36119001505,C
25017339801,C
31153010104,B
26163550200,A
34003056200,C
9009142601,C
42073000100,B
19155030401,D
54011000102,C
42003271500,D
6019001301,C
6037430803,C
20209042200,D
24510150400,C
29077001700,D
39035154400,C
36085007400,D
36047000900,D
34003015400,D
34023004700,C
47037018101,D
28049001100,D
39035161100,C
55101001400,D
48439102602,D
6037143603,B
37021000800,B
36047089800,D
29095008500,A
26125141400,C
34039038102,C
42003101400,B
6037262303,A
6037214100,C
17031814200,D
39095005901,C
48113006700,C
36047008800,C
21067001800,C
39035124600,D
55101000500,D
36119000801,C
55079020200,B
36047001100,D
26065004301,B
29189216500,A
34003001000,C
53063004601,C
51760010900,C
51760020900,D
39035108201,D
9001021900,C
6037553802,C
39153510400,C
55079091300,B
39049003000,D
36085015601,C
17167001600,D
34001012000,C
49035101200,B
48439100800,B
25027730500,B
48113003400,C
6037702300,B
29510118100,D
36085020803,C
12057002100,B
20177003100,D
37081010401,C
42049010800,B
13051002200,A
12086002502,C
55079007300,C
42071000500,B
1073010602,D
34003054600,B
39035122200,C
31109000900,C
42041010800,B
48439101202,D
6001427100,B
36083040300,C
36119003500,C
36067004400,B
13121009602,B
6075015400,C
9009180500,C
29510108100,B
22071005500,C
6077001800,C
45079003100,D
24510200701,B
26125183700,C
42003160900,D
26065004403,C
36061015100,D
55059000400,D
48439123500,B
48113020400,D
6077001900,D
22071010800,D
25009251600,C
41051004001,C
48113019301,A
6075025403,D
17115001600,A
44007010200,C
26163553000,D
39153506700,D
17031800700,A
6037571701,C
34013020000,A
22071002503,C
34013021601,B
48485012600,E
29077000100,C
8031015400,C
55079170400,C
26099251700,C
17031842400,C
6037402600,C
36055003500,B
26099251100,C
45079002500,C
6037208801,C
37067001602,C
22017021800,B
55025002000,D
24510280401,A
13121005000,D
34039035200,D
6085500400,B
40143003100,A
1073000400,D
17031750500,D
25025170501,D
49057201800,D
6075012700,C
19013000900,D
17031480400,C
25005640200,D
26163540300,B
27123033200,C
13121012300,C
6037701304,C
19155031200,B
6037234000,B
26077001503,B
13051001100,E
34023004600,C
26065006700,C
25017357100,B
19153003001,A
17043844002,B
22017025200,D
48201333000,B
6019002501,C
41051007800,B
36081077904,C
36093032902,C
42091201608,A
17031805802,C
18097390500,C
42021010200,D
53033006200,A
27109000100,C
5119004400,C
6037143602,B
37067002200,B
24510120201,A
54039000700,C
39153530700,A
29021000500,D
36047034800,D
36055008702,C
17031806300,C
18097360800,C
1073002303,D
17031827400,D
21111008300,B
42021000100,C
6073011000,B
6085502400,C
36083040500,C
24003750102,C
34021003400,B
19155030402,D
17031071500,D
25021457200,C
48201511400,B
36081083700,C
12103021600,D
44007000102,B
36015000100,D
6037480600,B
39099811200,C
42003552100,D
39035105900,C
36067004200,D
48439100300,D
27123033400,C
6037603600,D
6037702400,C
12086003915,A
37067001500,C
17043843100,C
42003310200,D
48245002300,D
41051007600,C
27123036000,D
4013110702,B
18097361400,C
27123034400,C
37063001001,C
39095005200,C
51760060500,B
17031820700,D
37119000500,C
17031430102,B
18089012800,B
34039032500,A
17143004400,B
39035106100,B
42101028000,B
26081004000,C
6037127803,B
36081086400,C
6037402902,C
55079090200,B
34039035500,B
18097320700,A
9001021700,B
17031824800,D
26081011406,C
6037575401,C
5119001900,C
13021010200,C
34039037900,A
34003026100,B
34017013400,D
42049002800,B
19163011500,C
42021011000,B
26065980100,C
17031720500,B
6037320300,D
39035151200,C
17031820400,D
34031180900,D
34003015200,C
17031330100,D
1073003802,D
42021013600,C
34023002701,C
19153000801,C
17031831500,C
37063000200,C
6001423700,B
36047030400,D
17163504500,D
42071000300,B
27137001700,C
6037553300,C
42079201200,A
39151700200,C
34003015300,C
31109003003,C
26049002900,B
17031827300,D
1073010801,C
21037050600,D
48141001502,A
6037293306,D
36081103300,C
18163003300,D
8031003800,D
6037271100,B
24510090200,A
18097358100,D
17031700200,D
51710005701,C
37081013602, 
13021012700,D
17201002900,D
1097000500,D
6037532700,D
39023001101,C
17163501100,D
34007610400,D
17031814100,C
31055001900,B
5119004700,C
39049000120,B
47065010502,A
26163539300,B
53033005600,A
48439102201,A
34003060000,B
39113001501,D
42003476100,C
27123037100,B
25021417702,B
26163578500,D
42049000600,B
6037540700,D
13121006400,C
38035010100,C
47093002400,D
17089854302,C
54069000600,D
38035010600,B
39049001400,C
44007018400,C
36001014002,C
6037601301,C
17031821200,D
8031001403,D
6037400602,C
24510150500,B
29077003600,D
6037239330,C
6085501900,D
34007602503,C
36005006000,C
26163545500,C
13021010800,D
53053063200,C
36067003601,B
1073005000,C
41051004601,A
8031001901,D
6037481101,D
12086001402,D
6037106114,C
6037603302,D
24510250301,C
36119000101,D
17031813801,C
17031660900,C
55139000200,D
27053108800,B
13121000400,C
20091051300,C
13121001002,D
34001001200,D
26081003500,B
36119006000,B
8031003701,C
53033005700,C
28049003200,D
42079200300,A
27137003300,C
13089020900,C
26025001200,C
39049006430,A
36047035700,D
6001409900,B
42021000200,C
39035110901,D
26163504900,C
36081014202,C
42095017800,D
36001002100,C
27053011704,A
17031829100,D
6037401901,C
25021418002,C
39035151600,C
42077001501,B
29189217300,C
6037570404,C
41005020100,A
18097380404,D
20177001500,D
36081070900,C
6073003301,C
18141002000,C
39035178201,C
6037104320,D
36005022403,C
36047083000,B
26163511000,D
55079004100,C
34021003500,C
12086002703,C
21037052302,A
1073003600,B
6073021800,A
29189215800,A
6037231220,C
6073003501,D
12086006706,A
37119002702,A
40109100100,B
29189219400,A
44007016000,C
17031803300,C
51710003100,C
25009204101,B
36005017100,C
6001409800,B
18167000300,D
37119000900,C
47157005300,D
17163500400,C
17201000700,B
24005403100,B
12086001302,B
31109003001,C
42049001100,C
21117063800,B
39035119100,D
42003101100,C
41051005200,D
36085011202,D
6085500100,C
42003552400,C
34003046100,C
9003524700,C
24003750101,C
36029010901,C
1101001000,D
36083040100,D
34013014000,C
17031800500,A
17031841800,C
17031811100,C
49057201100,D
18097360602,C
55025001900,C
42079201000,A
9009180300,B
28049002700,D
6037143200,B
36119000600,B
39035154502,C
36001001801,A
6075013101,C
17031020301,B
48439104702,D
29095015600,D
17031842500,D
9001070600,C
48439104602,C
25023511702,C
22071007700,D
18089012300,C
22071012400,B
6037402501,C
29189214300,B
27099000300,B
6067002400,A
34003056100,C
34031143200,C
48439104804,D
6037432201,C
36119000202,A
39099804000,B
53053062900,C
34031124800,C
36093021800,C
17031081202,A
36029005600,C
40109102100,A
12086001502,D
48201211400,D
13121000100,B
49035114100,B
42101019100,B
17031818700,C
12086001206,B
6037199120,D
18089021000,C
42101034502,B
6085501402,D
21067002500,B
36067003400,C
42133010300,B
36119001302,B
21117065700,C
42013100800,B
6075016700,D
17163502100,D
6037432101,B
36067003500,C
1073003001,C
25023510502,C
34031175302,D
12086006601,C
36081044400,D
40109106604,C
18089030200,C
6037463900,C
17031410100,B
47093003200,C
36081047600,B
6037462900,B
17031842800,C
39113165200,D
9001061600,C
26077001702,C
26099256600,C
12057001800,D
42079212100,A
40109102500,A
34003012002,D
45079001600,D
42003240600,C
9003501500,C
36055007801,C
13089022401,B
39153506100,A
29095000300,D
36063020100,A
25023511301,D
17031063200,C
13215002800,D
36119001600,D
18089021100,C
39095008000,C
51680000400,C
37119003700,D
19061000100,D
26025000600,C
24005400800,B
34023003001,C
42071000600,B
22071000601,D
6019004901,C
42003141000,A
22017022000,C
42003523200,B
26125181500,C
13021012800,C
40143004700,D
8031004301,A
34007602000,A
36067014300,C
51700030100,D
39035105100,C
48029160701,C
36047030800,D
34013000100,B
36085002001,C
36081121500,C
6037181000,A
48201211900,C
12103024906,D
25005642100,C
34013000200,D
26125161300,B
34013020300,A
6037460900,D
39145003700,B
54039000600,D
17119404000,D
12086002001,D
39113080400,B
8031004303,A
53033004600,B
1073002000,C
29510124600,D
36029003000,C
42077009300,A
27053103700,D
17143001500,C
29095015900,D
6077002701,C
34017012800,C
12031017400,D
17031836700,C
17031630100,D
42045405300,C
6075013102,C
36081066000,C
55079186500,D
39113002000,C
12086005501,C
39035177103,A
22017022300,C
27137000600,B
36081061301,C
17115000500,C
6075061400,D
8101000800,B
22071014200,D
6037302506,C
42045404800,B
34003019305,C
26049010304,D
6037501002,B
42049002700,C
39095004600,C
27109000400,A
34003019103,C
39049004900,B
42021000600,B
36061004900,D
39113020400,A
39035132301,C
21111009700,C
39145003600,D
48029140900,C
49035100100,D
9009165200,A
6037301601,C
26125150100,B
31055002000,B
18167011100,C
25025980700,C
26163504800,D
39151702300,D
6037541801,C
27123037403,D
55025000800,C
13121003200,D
25021402300,C
6001404400,C
12031002200,B
48485010400,F
34021001102,A
47037012702,D
34039036200,C
36061006100,B
12086006802,B
6037432000,C
37067000801,D
22017022400,C
36119001700,C
36029005000,C
13215002300,B
24510270805,B
27099000800,B
36047016300,C
42101036502,B
41051003502,B
48201313700,C
13245000600,D
18089030500,C
42003488400,C
13121011201,C
41051001000,C
36081088901,C
42101006500,B
6073003114,D
26163985200,D
48453001606,A
42003563100,C
34039037300,C
42003473402,A
17043843200,C
34001010104,C
9009140800,C
34003014000,C
34021001101,A
5119001800,C
25017310601,B
18097341000,B
48141002000,D
12103024602,D
27123030601,C
36119000203,A
36093020600,B
48453001304,D
37021001200,C
47093002600,D
17143000600,D
36065021301,C
39017000500,C
36085020700,C
13121009300,B
17201001600,C
28049003000,C
9001021300,A
37021000400,C
36119005100,B
8031002601,C
55079004400,C
53063002400,C
12057006400,C
20177001800,B
51760030200,D
26163554600,C
42013100300,D
36061009200,D
6085501401,C
34013017301,C
21037052500,C
45079002700,B
55025002200,C
17031750400,D
54069001400,C
42013100200,C
12086004303,B
34039032600,B
17031825900,D
39035185201,B
26125140900,C
17143001300,C
51760010200,B
12086001703,D
17031804901,B
48453000601,B
26025001100,C
42013101200,C
42003141100,C
42049000300,D
37063000301,C
17031827200,D
6075020300,D
17031740400,D
6085503602,D
36029016300,C
51760041300,D
18003003100,C
42003562500,C
17043843400,C
34001000300,C
45079002300,A
36055010300,A
34003019102,C
34039037100,B
9009140300,C
26125188000,A
24005490900,B
6037700801,B
1073002700,D
6073010900,B
55079019000,B
29189212600,B
48141001800,D
20173001400,B
33011001900,D
6037212304,C
39153508800,B
54069000500,C
34001013101,A
51760050500,B
55133201102,C
54039001200,D
28049001300,A
24510080101,B
25023511600,B
17043842800,C
13121011000,D
37081014000, 
26163545300,C
6037132501,C
26099255800,C
29095011100,D
22051022600,A
41051004200,C
26025001400,C
36005024900,B
36029008102,A
39035151300,A
9003510200,D
48439104202,A
20173006200,D
51710004800,D
6001427300,D
27123031802,C
53063000900,C
42007604000,D
24510200600,C
17043843000,C
36085015602,C
42003564100,B
42045405000,B
37021000500,A
37119003600,C
39095003100,C
39151700100,C
12031000800,C
44007012000,B
36119001503,C
25025050300,D
9003503800,A
6037571300,A
36093033004,C
42003473300,B
41051000302,A
37081010702,C
36047045000,C
17031817101,D
34007605200,C
48439101500,C
47037017402,D
44007016900,B
42079213600,B
26145000600,C
39113001700,D
25023510503,C
42091210500,A
22071003800,D
26163512200,C
17031330200,D
29510110500,B
17031824300,D
6037463602,C
18089011100,C
6037460700,A
49035104400,A
12086000808,D
21037052301,A
48113007302,B
42043020800,B
17031283200,D
41051004602,A
20209041800,D
27037060101,B
36013030700,C
48439110402,D
36085027302,D
41051005900,D
47065011100,B
19113001600,B
34003028001,C
29189219600,C
34003033100,C
42095010400,C
9005360300,C
6037406102,C
34013009600,C
29189219800,C
36001000600,D
34013014800,A
42079212000,D
36047036700,D
17031490500,C
34003021600,C
49057201500,A
6037702501,C
21111008700,A
26065003103,C
37081010601,B
42007604200,D
51760050100,A
39049004000,D
41051006200,B
8005006000,C
54011000200,C
47065010800,B
25027732001,B
19113001300,D
36027221100,C
55079019500,D
13245001200,C
51710001500,B
51680000801,C
48113010101,D
36001013100,C
24005402403,B
36061010400,B
39023001300,C
40109105100,C
6037540501,C
36081084602,C
26163539700,B
24510120700,D
6019000400,C
6037300800,B
6037128220,C
12031000600,C
44007018100,C
34017002900,C
34003026200,C
26081001700,B
34023002604,C
9001030200,B
6037297500,B
6037186301,C
36119001200,D
6037191810,D
25009204500,D
36063020200,D
36047056500,C
51760011100,D
20209042700,D
36047016100,C
51740210200,C
40109107001,C
39113020100,A
55101001100,B
55025001300,C
55059001900,B
42073000200,C
42073000900,D
6037500600,D
27053103000,C
27137000500,B
19113001500,A
6037320202,B
6075026302,B
27053105201,D
29189219500,B
36119000402,C
18167001100,C
13215011200,C
17043844801,C
42077001200,D
39095001202,C
48381020600,D
39113021000,D
1097002501,C
36083040600,D
36005008900,D
36013030300,D
17167000400,D
12103022901,C
34013009000,D
53053061500,C
6075011100,D
34039036400,A
6037302201,C
18089010100,C
20091050200,C
19153001500,B
55079005700,B
51760011000,C
26145011000,C
36029009302,B
36055009200,D
6001432300,B
39035195900,C
34039038400,C
42101027902,C
54039001500,A
17119400102,C
17031841300,D
21117065100,C
31109001102,B
34007606400,A
48113004000,C
42003468700,D
42079201500,B
38017000802,A
6073021400,C
29189213600,C
53053060400,A
26163544100,D
37081010403,B
26049003100,D
29510117100,B
12086003913,B
39113020800,B
42077009600,B
26125141500,D
42003524000,C
17031801702,C
34003052100,C
48453000203,B
6085500300,D
6037191901,C
36093032901,C
6037550902,C
51161031102,D
54039012900,C
22017020500,D
48113006401,B
42003473601,A
39095000800,B
42003450700,B
36083041200,B
48201310500,C
21111000200,D
34003006300,C
39035178102,B
12057001700,B
22017025300,D
36081005000,C
26125183800,C
55079004300,B
34021001800,C
36063022500,B
6001400100,A
25003900700,C
42079212200,D
44007016600,D
39095007500,C
25017368700,C
39035152702,B
25009250300,D
47093001900,C
12086006302,C
36005003700,D
36085000700,C
18003003400,C
13121006601,C
34007601500,C
17197881200,C
21111004301,C
36081016300,C
36081077903,B
34003047500,C
12086002300,D
17031390100,C
36119006100,D
55139001100,D
8031001500,D
51680000600,C
17201003400,B
51650011900,D
6075035201,C
17167000300,D
12086005801,D
39095010002,B
17031823002,D
6037189702,A
1073010603,C
39035152303,C
17031010400,C
31109000600,D
36067012900,C
39049000810,B
41051000301,C
17031822101,C
27053110500,B
33011002000,D
36085024800,D
6037191710,D
6037271701,C
34031181000,D
36061006800,D
39035134206,C
6075023300,D
6037501400,C
36081021600,C
37081013800, 
36119002600,C
29021000900,D
55025001802,C
39153520106,D
53053062802,C
39023001200,C
17031826000,C
25017352102,D
39153530501,C
54011000900,C
17031530502,C
6037601302,D
17031815800,B
36013030100,C
25017354600,C
9003416700,C
6037577603,B
9003502900,C
51710005100,C
8101002300,B
6037571800,B
53033004700,C
34017010300,C
17031530503,D
17031805501,C
42079213800,B
42095011200,C
36085004700,B
51760040300,C
36055000200,D
6037201110,D
26065002902,C
36055004701,B
22017021700,D
39035126100,C
25025091001,C
8005005800,C
25017339802,C
17031030604,C
17031730202,B
26075000800,A
39035101200,D
8101001200,D
12086003919,A
41051001102,C
1073001200,D
27145011600,A
20091050000,A
55139001000,D
48167725300,A
25009250800,C
22017021500,A
6085501502,D
1097001501,D
6037131702,C
31153010502,C
36007013700,B
39049003200,D
36083040700,D
39113000500,A
36005011502,C
48439100501,D
29095011900,D
41051008902,C
48113006402,C
39035152703,B
8031003500,D
26163594100,B
48439102100,A
37067003404,C
39099802500,B
27145000801,C
39095010400,A
51710000100,C
20091050301,C
5119001200,C
41051007900,C
53063003800,C
34003040001,B
6037201120,C
8031002100,D
48485010100,E
17031561000,C
18035001200,D
12086001901,C
42133001300,C
26125154000,B
51740211700,D
17031823101,D
17031820606,C
6037141700,A
12086006301,C
17031819500,C
22071003701,C
21111000800,B
17031650400,D
22017022100,B
12086000306,B
18163003100,D
36119005701,B
17031827500,D
47037013602,D
25009251500,C
17031640700,C
36067002300,D
36081085300,C
41051003100,C
28049002100,B
53063001000,C
36007000900,C
17031611000,D
19061000802,B
39035123502,B
22071000100,C
41051000100,C
54011001900,C
36093020200,D
34003048200,B
24005401102,B
17031842600,D
48439102601,D
36061010300,D
34031223802,B
4013112900,B
49035114000,D
55079170200,D
41051003901,B
26017281000,C
34001002300,C
8031001302,D
17031420100,C
42003462100,D
17163502500,D
47065003300,B
12086004902,D
42049000400,D
36067013900,C
55025001804,C
6075033100,A
47065010600,B
22071007000,D
31153010503,B
34003023402,C
34003040002,B
9003496300,A
42045404900,C
6037408800,C
51710000800,C
26163505000,C
36007013100,C
34031175200,D
51710004400,D
37063000700,A
48113008100,A
28049002200,B
12031001000,C
6001408600,C
6037134520,C
34017013800,D
44007016300,B
21111009300,C
25021403500,D
18141001700,D
42079215100,B
12086001301,B
6037480702,B
36005045800,D
42079212800,A
34003009200,C
42101000804,C
8005005700,C
6037262802,C
51680000203,C
27123030400,D
27137003700,E
25009251300,D
12086002702,C
12103021900,D
55079035200,B
24510120202,B
36065023400,D
22051025700,D
26125142500,D
20209043400,C
12103020209,B
17031821900,B
36015000400,B
6037530202,B
36047056100,C
39023003400,C
26099252200,A
6037134303,C
17031040100,C
6037190100,C
55079180400,C
8031003902,C
36029010101,B
6037600702,B
9009142800,C
26163539500,B
47093002700,D
36081134700,C
34007610900,C
18097380901,C
26081011200,C
29189220100,C
17031252101,C
18089020300,D
25013812103,C
36085019800,C
55025000401,B
6037404401,C
36119004600,C
41051006602,B
13021011800,B
34017004800,D
1097002400,D
13121006500,C
18097357500,C
8101003500,D
37021001500,C
36081066300,C
6085503121,D
39049001901,C
6075022802,D
39113021100,C
36085003300,B
39145003500,C
17031826500,D
42101035500,B
6073008303,A
6037542200,B
36027221001,B
18097380700,B
24510260501,C
22071002401,C
40109102900,D
37081014300, 
55079018000,D
34013022900,D
17031070700,D
6037264102,B
53053072305,C
12031000700,A
36047069602,C
42091201604,C
42045405400,B
6037207102,D
1073005302,B
22071002300,D
51770000602,D
12057006700,B
19163012702,C
6037621400,C
42095010600,B
17043843602,C
37081014200, 
29189220002,B
25009205500,C
6001407800,C
27053109900,B
47065001800,C
48113007604,A
6037432202,C
9009351100,C
26049003400,D
6075021600,C
25021403100,B
25027710700,C
6037234200,A
6037980010,D
29021002500,D
36081074500,C
36081120700,C
19061000801,B
21111001200,D
9009180200,C
6073006500,D
17031490600,C
36047068600,C
9005360100,B
51680001000,A
26163542700,B
39035154300,B
6075015700,C
24510272005,B
42101020700,C
44007000101,B
18097380403,D
29510125700,D
26125141100,C
53033010200,C
17031824400,D
19193001500,C
55059001000,D
25027731700,C
20091050500,B
6037432801,C
13089022800,C
24510010300,D
42073000300,C
21037051101,C
6037132300,C
6037542502,C
36119002300,B
36007000700,B
17031802200,B
36081094202,C
36029012501,B
26099256000,C
21067000900,D
13121000500,C
39023000500,C
48113001202,B
9003417400,A
37067002502,A
12086005704,D
36061002000,D
17031081700,D
6001410000,C
26081003600,C
6037194101,B
17115000400,C
36061008200,B
39095006600,C
29189218800,B
6037128302,D
22051022700,C
36063022300,B
39035117202,C
6037544001,C
25025010702,C
31153010107,D
13215002500,D
6085503601,C
26049002800,D
33011000202,C
6037609900,C
6037199110,D
25025010600,D
42079201600,D
36001002000,B
24510250206,C
6037701402,D
12086000607,D
34001013301,B
24005402405,B
12103022301,C
34017002000,D
13089021405,C
6085502301,B
6037269300,B
27037060301,B
36047005300,D
13089022600,C
25025010104,C
6073003303,D
6037124700,B
26099255300,C
48201313600,C
47065012400,D
26163513700,D
34023004000,C
9003524400,C
36119000701,B
42071000200,B
39099811901,C
51710005601,C
21067001100,D
42049001500,C
5119003001,B
26163500100,C
6037620501,D
25017352400,D
42003562300,C
6085505203,C
17089853100,D
27053012101,C
26049000500,C
51760010500,A
24510250402,C
17197880702,C
39095001303,B
34007600700,D
42003484500,C
6073002804,A
41051004500,D
36081099703,B
34039038202,C
27137003600,C
48029192000,B
18089042100,C
42007604100,D
6037570402,C
36119000900,C
17031828401,C
27123034602,C
34007603200,B
22071000702,D
34039033200,A
53063014500,D
54039002000,B
17163501200,B
25009208300,D
26049011212,D
42003482500,D
18035001300,C
6073003107,D
6037190700,C
17097863400,B
36085030302,D
40143004200,A
36067014200,B
4013111900,A
26025001600,C
24005492002,B
37119005200,C
48201230100,D
6037501300,B
17201000600,B
29189214400,B
42003484300,D
6037552700,C
36047093200,B
26049012006,D
6019001407,D
48245001100,A
37119004800,D
34017014800,D
51770001000,C
18035001600,D
34039035000,C
6075012602,B
13215001200,B
42003982200,B
17031833100,D
36081044302,D
51710005702,D
13121010601,C
25017354300,C
6001401700,D
25025160502,D
25021402400,C
53033005802,C
9009352000,B
8031001600,D
26163573600,C
53053060300,C
9003496200,C
26125183100,C
39151701800,D
42003525200,D
36085018702,C
6037501504,C
55079020000,B
34003027000,B
48141002201,C
26017286500,D
39035130103,B
34039037400,B
36119003100,C
19153000702,C
6037271801,C
24005490800,B
42091201901,B
34021002602,C
6037270300,C
17115001000,D
36081066501,C
26163505100,C
55079101300,C
25017358600,C
36005028500,B
12086001002,D
31109001101,C
26163554700,B
9009352100,C
51770000100,C
39035141000,C
36055014301,C
6037402002,C
17143002600,C
42003517000,B
12086000219,C
17089854700,D
6037262302,A
29095011500,D
36081074100,A
6037401602,C
53033011200,D
42003484600,B
36081061800,C
24005430101,C
26163523100,D
36081033402,C
18089020900,A
36085007000,D
26125152900,C
25005640800,D
17031803100,B
1101002000,B
37081013900, 
48439123300,C
34007606600,C
39145003300,B
37081013601, 
6037501200,D
39113003404,D
8101000500,A
17031500100,C
22051024300,C
13121005502,D
1073001100,D
48439101301,C
39113004600,D
48439101401,C
18167001900,D
36047072400,B
17167002600,B
34001013302,B
42003486700,C
26099256300,C
45079002800,D
17031843700,C
12086007501,B
9003497700,A
36085017012,C
26075005500,C
6037297601,D
55025001000,B
12057005800,B
36005006300,C
25025051000,D
51650011800,C
17031390700,C
6037261102,A
6077000900,B
6037275602,C
41051005800,A
36085014607,C
48201413202,A
17031800300,B
51770000601,D
36027220700,C
13121009101,B
42073000400,D
34013017400,C
39093023500,C
36047069800,C
6037310602,C
47065010700,B
34021002902,C
34003051400,B
39049006722,C
25025180101,B
26049011210,C
13215011400,D
26145001100,D
48439100102,A
27053126200,D
25017357700,C
25009207000,C
18089030600,D
53063001100,C
36067003602,B
6037431300,C
26049013500,C
39017000100,B
25017353900,D
39155921500,B
6075022801,D
26163571800,C
18097321100,B
39151713401,B
26099258600,D
25021418003,C
19061000400,C
48201210600,B
23005003500,C
51710004500,D
9009165300,B
36061004200,D
55059000300,C
5119004800,C
42003424000,C
47093004200,C
42095011000,B
9003510300,C
25009204400,B
6037278102,B
31109001900,B
18163002800,C
6037431100,D
37081011300,C
36055013702,C
39095007800,C
26121000900,D
6037187102,C
34039032300,C
26145010700,D
9009352200,C
6037670001,D
39155921000,C
55079019900,B
39099812302,C
51087201002,C
39095005802,C
6073003212,D
36055010800,B
8031003901,A
13121010002,A
18141002500,D
12103028600,D
26081001900,C
36055012900,A
39095001100,C
13089022100,D
6019003500,C
24510271300,B
25017310100,D
6037261200,A
34007606700,C
12086003001,D
18089020800,D
49035114500,D
26045020104,C
36063021200,D
24510240400,D
24510271101,B
36085012806,D
25027710600,B
29510101100,C
55079012300,C
5119003305,A
36083041300,B
17197882000,D
34021003602,C
36005005100,D
42101980500,C
53053063100,C
36029010202,B
17097865400,C
42101037800,D
39095001302,B
29095012100,D
6067006900,C
29095011200,D
19163012701,C
22071000701,D
48201211000,C
17031842200,D
6037431600,B
27053103600,D
25013811302,C
34017004000,D
36081077905,C
18089040900,C
18089041600,D
1073013002,D
34007603700,B
6085501501,D
42043021400,C
42003515300,D
36081157101,C
51700030800,D
34003024200,B
48113020500,D
29510109700,B
27137003800,D
20209040500,C
20091050400,C
34007610300,D
39095002700,C
26075000600,B
17167000202,C
47157000100,D
42077009700,B
39003013800,D
39093022800,C
36055010200,A
34013021000,C
36081012301,C
54011000300,C
42021011200,B
17043844702,C
42013101900,C
19113000207,B
6037302505,C
39049008500,C
48029110100,D
13089022500,C
12103024001,A
6037535901,B
42041010500,A
26163524000,C
6037183104,C
6037571900,A
48245011700,C
17097865501,B
17031839000,D
26017280500,C
34023004800,C
55079012500,C
42041010600,B
18003001000,C
36081109300,B
42079213200,B
48375015300,C
36047012000,D
17031061902,A
17031700502,D
18141010200,C
18141010300,C
36027140300,C
22051025900,D
6037432700,D
48201233600,D
36083041000,D
6037226001,D
17031807500,B
21117067000,C
17031510200,D
48029170600,C
29189211700,C
8031000904,D
6037242700,D
34007600900,C
48029180604,A
36005005300,C
17167000700,D
6037550601,C
17031816300,C
5119001600,A
37081010800,C
24003750201,C
22051025600,D
26163585600,D
27053104900,D
13121009102,B
26163576400,B
6037552100,C
47093002200,C
17031843100,D
21117064400,B
36063021700,D
26049010910,D
1073010704,B
33011002500,C
48439105403,A
22071000602,C
25017352300,D
21111007400,D
42101035100,C
26145000100,D
9003502100,D
6073002904,C
17031520600,D
26125183200,C
25027732902,C
34003055100,B
17031823603,D
39151700700,B
17031820603,C
29510118600,C
27053109100,A
53033009900,D
34001010300,B
36055010601,B
6037541802,C
20209043500,C
34023002603,C
38035011000,D
26125145400,D
24005401301,C
28049002000,C
37067002100,B
26075005000,C
34007601300,C
24003750300,C
20209042501,D
39003013000,B
26121004200,D
17031805001,B
17167002400,D
39153503800,C
27053125600,B
6037461700,B
9001060700,A
53053061100,C
42003427200,C
51760050300,A
20177002200,D
37081011101,D
21037053200,B
44007013600,C
17031824900,C
34017011600,D
18089010201,C
42041010700,B
42077006001,A
27053102600,D
9001072700,C
42049011503,C
17031400300,D
39095004501,A
41051001602,C
17097864901,B
47157001100,C
12103024005,C
6037620201,C
26081014300,C
42045405100,B
26077001200,B
37021001300,C
34003058200,C
24510010400,D
40143000500,D
25025030500,D
55079186900,C
39035152603,C
22071012900,C
34007602601,A
29095017100,D
22017023700,D
21117065600,D
17031826800,D
39113091000,D
42071014700,B
6073002705,D
25017354900,C
18003003700,C
47065001600,D
17197883000,D
13245001300,D
42003562900,D
36081086900,D
17031510100,D
48485012000,A
6037460800,A
20209041500,C
12031017100,B
26163575400,C
36029008202,C
18089020700,C
18035000500,C
37119000100,D
25009206900,D
6113010101,D
26077000201,C
17119400802,D
23005003300,D
36047037402,D
34017018400,D
27137015800,D
34007601400,B
42003551900,C
13245000100,D
9003510800,C
24510260302,B
48245000600,C
25017342400,D
17031801400,B
12103024408,D
6037430501,C
17163502900,C
1101002300,C
51760061000,D
12086001701,D
29095015800,D
33013003006,C
12031002701,D
19163012000,C
6019004801,C
36047003700,D
24510160802,B
51650011600,C
27109000200,C
6077001101,B
26049010501,D
49035103900,B
5119001502,A
42071011802,A
25027710200,C
24005440200,B
26163579500,C
47093000902,C
17119400700,D
12086007400,B
36081099705,C
53053062600,D
48201310200,D
36047055700,D
42003020100,D
51087200302,B
29510101200,B
6073005200,D
42003525100,B
13051000601,C
9001073200,C
37119003400,B
39095006800,C
34039036301,C
29095009600,D
36029006201,C
21111004500,C
25025981502,C
48439123200,D
21111005600,D
53053061601,D
17143001200,C
17043842100,C
39095010100,C
18141002700,D
36005016300,D
39035177504,C
6073003800,D
17031810400,B
55079001700,B
42003512800,D
31109002800,A
6037271702,B
54069001700,A
26075005100,C
1073005600,C
18167001400,A
17031816100,C
42003100500,C
29077003200,D
36063021100,C
55079180100,C
18167001700,D
25013812002,B
25025130100,C
25017338400,A
36047002100,D
24005400701,C
42133010510,A
20091050600,B
12031002801,D
21111007700,A
37119001300,C
34039037602,D
6019001100,C
25009204102,A
12057005900,C
34023003401,C
42003562800,B
55079012800,B
6037267600,C
6037302401,C
24005492101,B
18097380402,C
39113020700,B
44007015200,B
51760041600,C
1101002500,D
26017280900,D
27123036100,D
9001080500,B
36001000300,C
6037123602,B
36081001900,D
34007601900,B
17163501501,B
39049002510,C
27053000601,B
51740212400,C
29510126700,C
22071003308,C
34001013202,A
36061015200,D
34017014102,B
42041010100,D
8005007302,D
29510109600,B
17115001200,B
17031561100,C
39023001000,C
9009141300,C
38035010200,C
55079020100,C
36063022000,C
39035154200,C
24510260700,C
26049011508,D
6037401102,D
1073010804,A
6077000500,C
17031843900,C
34023002401,A
17201000501,C
47093001800,B
6019003600,C
48201510200,D
37119001100,B
12086001205,B
36029009402,A
6037532303,B
48245002100,B
40143005001,B
9001021400,C
22017023100,A
24005440500,B
17197882300,C
39095010200,B
36007013900,B
42003480300,C
6073003305,C
36055010500,B
9003496400,A
18089012400,C
48201510900,D
20177004100,B
6037320201,C
25027731001,C
48029170800,C
39173020200,C
20091050302,B
36055008600,B
36081004500,D
34001013201,B
13021012200,D
24005401505,D
29189212500,B
6067007001,C
39035104200,D
26081001400,D
17097865300,B
48201311200,C
12086001605,D
48201511200,C
53063002300,C
37063001303,D
42003429600,B
34021003100,C
17031807000,B
36047011900,D
36047061600,B
42077005702,B
17031828900,C
26125162500,C
48113007700,A
19113000902,B
48375015000,D
6001425102,D
25009205400,A
17201003602,D
17201003604,B
6037703100,A
51775010300,D
42095011100,B
53053062801,C
6037553701,C
34003019303,C
18003003200,A
55079090300,C
26049010305,D
42077001402,B
17031460100,D
55079185200,D
13021012900,C
36081071100,C
22071001100,C
17031063303,B
9003510600,C
22071005604,A
37081013700, 
17043844001,C
25025040600,D
47065001900,C
19155030200,B
36085000600,C
18089012700,C
6037101400,C
29189213700,B
17143002300,A
53033005400,B
48201210800,D
26065005100,C
12086004403,C
51161031101,D
26145011500,C
6037554516,D
25017358100,C
8101002600,C
29077005600,D
51700031100,B
42077006701,B
42049010400,B
38017000600,D
26075005301,C
42003426400,B
54069002700,D
51710002100,B
39153531001,C
9003416500,C
17031801000,C
17031530400,D
37021000100,D
36083041100,C
39153531101,C
17031807700,B
6037401902,B
55139001400,C
34013015300,B
24003750400,C
25013810901,D
6037553702,C
42077000500,C
18097381001,B
26121002200,B
6037550800,B
18089010302,D
28049002400,B
55079185300,C
21111007501,A
39035104800,D
25025020303,D
13121010800,C
29021001600,C
39155921400,A
22051025800,D
41051006001,C
45079000700,C
6037402301,B
42101980900,D
17031821402,D
34003052200,C
38017000901,F
6037294701,D
26049010911,D
39153530401,C
42003429700,B
39035111202,D
6037980018,D
26163550800,A
48439102000,D
47065003100,D
39049007511,C
39113001800,D
18089041700,D
17163501502,A
18097381101,B
47093002300,C
55079014400,D
55079012700,D
27053100500,D
6019004902,B
55079018800,D
18089030900,C
6037190202,B
9001070400,C
39017000200,B
39049007534,C
36081097203,C
22071013500,D
39153531802,C
17089852907,D
13215003000,C
42071000900,B
34001010200,B
34003030100,D
17097863300,C
26065002901,C
26145001200,C
13021012300,D
36067002901,B
17031240900,C
54011000600,C
34039033600,D
12086003601,D
39049006410,A
42091201902,B
1097001502,D
39155920600,C
6037402702,C
48113008400,B
5119002600,D
17031820502,C
6037460600,B
17031803400,B
20091050900,C
18003000400,C
17197882900,D
42079201300,A
24005430400,C
17031802100,B
24005400400,B
17031808301,C
26163515700,C
24510210200,D
17031830500,C
4013114800,D
25023510600,A
34001012801,C
51087200805,D
25017368101,C
26025000700,D
13121006700,C
42049010902,B
12057003600,D
36093032000,A
18097390102,C
34017005400,C
12031000100,C
48029170700,C
13215000800,C
18003002200,D
48245006800,A
25009207200,D
6037300902,A
26163594000,C
42045406300,C
42049011001,C
33011000902,C
18097390101,C
36085032300,D
18035001000,B
9009352300,C
34001001400,D
13121980000,C
36119002203,B
36047070600,D
17031843200,D
34017015001,C
26125142300,D
6037542106,B
36083051600,B
34007603902,C
26049003700,C
18163000202,C
39093023000,D
19163011000,D
26163540100,B
17119400904,C
12103022801,D
6037670411,A
42073001000,C
36029005300,B
8101001600,A
25017368902,B
25021416101,A
39113090600,D
6037275302,C
34031182600,B
36007014200,C
45079000600,C
26081002300,B
6037482002,A
42021011300,B
48113000406,B
6037209102,C
42101034801,C
42077009400,B
29077003300,D
29510118400,D
29510102300,B
17031500200,D
36065023200,C
21117064800,A
31109003104,C
6037532500,C
55079170100,B
26077001701,A
26049003300,C
34021003006,C
54039001700,C
6037501001,C
34001000100,C
17031807600,B
25021402101,C
48453000101,A
37063000600,C
39153520105,C
21067000801,C
25009204600,B
17201002301,D
25013811400,D
25027710100,C
36007013301,C
17031570100,D
37119004200,C
39095005503,B
39049000310,C
39153510301,D
29189212002,C
6001982000,D
6073007800,C
21117064300,B
36081080302,C
26163540700,B
36083051500,D
48113005902,C
6037311100,C
6037300901,B
12103024410,D
18089010304,C
17031816500,D
12031016400,C
36067016200,D
6037702700,B
29095004400,D
26081000300,C
6037650401,C
17031805701,B
21037051200,D
17031081800,D
17031807900,B
39113002500,C
48141001700,D
42073010700,B
41051008100,C
6037402304,C
25017358700,A
34017010400,C
13121009000,B
42101021100,C
6037542402,B
26163572100,C
17031826100,C
6037670702,A
25017350103,C
6037269000,A
12103022401,C
34007611000,D
34021000800,C
12103024701,D
25017373900,A
51760020500,D
36119000401,C
45079001200,B
17031820800,D
6037124201,C
19013000800,C
51680000500,C
37119004600,D
45079002900,D
6037432102,B
17031817102,C
39049004300,D
53063011101,D
29189214200,B
36085013204,B
17031811402,C
6067006800,C
6037461902,C
6037293302,D
48113007605,A
36085024402,C
34017002700,D
5119002500,D
20173005200,D
17031100400,C
27053105100,B
6037433902,C
25017370300,C
17097865700,A
42003980400,B
26075006100,C
21111000400,D
19163012502,C
6037300702,A
24005402305,B
36047067800,C
25017368102,C
26163555300,C
18141003400,C
39113021501,D
36061003700,D
25025051200,D
36047061002,B
13245001602,A
1073005905,D
25009208102,D
6037650800,C
17031520100,D
36085005900,B
39095006000,B
25025061200,D
9003511200,C
36055013902,C
6037602200,C
42003980800,D
36119000300,D
39095005701,C
6075030102,B
42079213300,D
22071014400,D
12103024403,D
17031071400,B
34039033500,B
8005006200,C
48201314001,A
6067001101,D
22071012500,D
17031807300,C
5119003002,B
6037480002,A
22051026000,C
25009204702,C
39049001121,B
36007001600,B
54069000400,D
9009154600,B
17031610300,D
36119006900,B
53063003600,C
6077001500,D
6037650901,D
6037320100,C
42003446000,B
39049007512,D
41051006502,B
29189219900,B
34023003300,C
54069001600,A
6037460501,B
6037620800,D
20091051100,C
34007610800,C
17031831300,C
12103022700,C
17031030706,C
47093000100,D
39153532202,A
34017018500,D
24510250103,C
17143004200,C
36007000300,C
17097864904,C
42101029200,B
48201410300,B
12103022302,B
17119400801,C
40143004900,D
48201510800,D
18089041100,D
17167001400,C
55079001100,C
26077000900,C
17031808702,C
29095012600,B
34007600200,C
36085011201,D
53033008200,D
17031823303,D
26125171600,C
42045405200,C
55139001300,D
20209040002,D
36085014605,C
1073002306,B
12086006205,B
54069001500,A
54069000200,C
17031800200,B
44007013800,A
42091201407,D
21111008200,B
39155933900,D
42043023400,D
24510272007,B
36005039700,D
25013811500,D
6037600302,C
36055010902,C
6037224010,D
22017023300,C
27053106500,B
34023009100,D
39035137103,C
34013006900,D
47065003200,C
47093004100,B
6073005000,D
26065003902,B
34003017100,B
20173009000,D
36055011000,B
29189215700,C
25013811700,D
6037482402,C
53053072311,C
26163579900,B
18097390600,C
39049008710,B
25017351500,D
39049006810,B
47065011900,B
24005403602,B
29095012200,D
6037405001,D
12086001006,D
48453001403,A
39095005702,C
6037128101,C
6037291220,D
6037532605,C
39035173107,C
6037532302,B
42101038300,C
34021003201,C
48439104504,D
36119005002,C
34013007501,D
36081067100,C
51710004900,D
55101001202,C
6037143901,B
37119004100,C
1073012500,D
17031570200,D
55079110100,C
18097340902,C
39003012200,C
6075980600,D
51710980100,D
6037431002,C
36065026500,C
37021001600,A
39099811300,B
48201220100,D
34039036800,C
24510130806,C
19061001101,C
22015010400,C
19155021200,C
48029130402,D
29189212400,B
21037051300,A
17089854400,D
51650010900,C
26121000800,B
26081011801,C
17031823400,D
17143000100,D
53053063300,C
6075020800,D
51710006200,C
26163545400,D
9001060200,B
9009351800,C
6067000700,D
6037401500,C
36055009400,D
29095012300,D
6037311600,A
26065004491,B
12086007901,A
26163538900,A
39153520301,B
34003005000,C
42003448000,D
26049001900,D
17197883100,D
36093032200,C
17031829302,C
26163506800,C
6037271400,C
26145010501,A
6037214501,C
17197881302,C
12103024901,D
42049011002,C
37063001502,D
17031803500,B
26125167300,C
8059010603,C
55059001300,D
20177000800,D
17201003500,B
13215002700,D
25009260100,C
17031070101,B
12086002100,A
24005403500,A
19193003600,D
24510260604,D
44007012401,C
13021012400,C
39113080300,B
34021003008,C
6037201302,C
39153533000,C
27145000901,C
37067001700,C
1073013200,C
6037189701,A
53063004800,C
17031823806,D
20177000700,D
12057005302,D
18035001100,C
42133010400,C
29189215400,A
36047118000,C
6037241300,C
55079019100,C
47093005000,C
6037702801,C
26077005502,C
36047102800,D
36061009400,A
39099802702,B
27109000600,C
12031002102,A
18097370201,D
18167001000,D
24510240100,D
19061001102,C
47093003000,C
6037620702,D
42043020500,B
36005031900,A
36061007900,C
36047055500,D
42133000100,D
6037460301,C
22051024400,C
17031821600,B
18089040600,C
1101000300,D
42079215200,D
39017014600,C
24005403401,B
18089011500,C
37081012601,C
13121006900,C
34039038300,B
18097340700,D
18167000900,D
44007014502,C
6037602801,C
47065003000,A
6067003600,C
6037540600,D
47037011500,B
53063003900,D
36001000100,C
48141000900,B
9003416400,A
25021418200,C
36093033500,C
36085017600,C
39113070700,C
6037188100,C
27099000600,C
34031264102,C
6037291210,D
55025002700,C
36001014202,B
48245001200,A
20173000900,C
6075061000,D
37021002101,A
18089040801,C
42101037600,D
21037052800,B
6085500800,D
34021000100,D
39017001300,A
36081060701,C
48201332700,C
6037405201,D
9001030500,B
8101000100,B
6037214502,C
42003428200,C
18089021700,B
40109102200,B
6001408100,C
36085000300,D
39095002800,D
36029016500,C
34039030600,D
36061021000,D
36007001100,C
19113000600,B
42045404700,C
27123037500,A
6075060502,D
25003935200,C
42133010210,A
36007000500,C
17031817000,C
29189221800,D
6037310400,C
26099255100,C
36029000500,D
24005430700,C
36015010900,B
18035001500,C
21117065200,B
48201212500,C
27053126100,D
51550020809,D
54069001800,C
40143002500,D
42049011400,B
21111012801,B
24005400500,B
34023004500,D
34023002402,A
55079101200,C
18035000800,B
17043845701,B
25005650201,B
34021002500,C
20091050700,B
39113070201,D
36085020801,D
51550020002,C
36081074700,A
39049007830,D
39145003200,C
27123030602,A
41051006100,B
36081090700,C
17031818200,C
41051005000,D
36027140101,B
6037131800,C
49057200100,C
26163594300,B
36001002600,C
27123030300,A
27137000100,B
47093000901,D
12086004702,B
26077000202,D
36007013304,C
22017023800,D
39155920500,D
25005650102,B
51770002900,A
6085503122,C
53053063000,D
42043020100,D
26081012800,C
39035123602,B
17119400200,D
55025001401,D
42133001600,D
18089040100,D
29021002100,D
55079130200,B
47065012300,D
42101034200,B
53033009100,D
22071007604,A
6085503105,C
19013001702,D
48485011600,E
27053012003,B
37063000101,C
34001002400,D
36081042600,C
21117066900,C
27145000302,B
39095007400,B
17031550100,D
29189217500,A
51775010502,D
5119003304,A
31055007409,B
55079120201,C
55101000800,C
6037206010,D
42071013502,B
39155931700,D
55025001102,C
17201002200,D
55139000900,D
13121008902,D
39035170201,A
17031770800,D
39035173106,C
6037194102,A
42091201502,A
1073005909,D
34017015801,C
26125161400,B
36047085200,B
34031181800,D
42041011002,B
36047058900,D
18035001400,C
27099000410,C
36055012201,B
25017374000,A
26163554800,C
9009165100,C
36067003200,D
6073007501,C
40109106502,C
26049011010,D
17031842300,D
49035111400,B
19155031300,D
22087030300,C
36061009100,D
34017015201,C
17031031400,C
51740210300,C
42043020900,B
9001060100,B
42003470502,D
48201313200,C
25025981000,C
13121009801,A
8031000201,C
17201000200,C
48375013200,D
55139001500,C
39153507500,B
17043843302,D
48439105901,D
48113002100,D
33011200400,D
6085505800,B
9009352701,C
36067013701,C
41051001101,D
37063001002,C
36085029104,D
24005420800,C
17163503211,B
55079019800,C
47037019600,D
42003980900,D
37063000401,B
6001403000,D
17031819900,C
9009154200,D
51680000300,B
47093003700,B
34001012302,C
36005003100,D
6037482001,D
18089021800,A
17031810501,C
24005440100,B
17115001802,C
48245002600,A
34003036200,D
6037670202,A
17119400101,B
31109001302,B
27123034202,D
6037141600,A
6073011902,D
36061005502,D
18097340400,C
48439104604,D
34007611100,D
48201310100,C
26163538300,B
13121008700,D
40113940006,B
25023510900,C
6037297300,B
39093023100,D
6037222700,D
1101001700,C
17031825700,D
6037277400,D
42079215000,D
17031807200,B
33011000102,D
36047110600,D
36001001400,C
48201412100,A
55079030100,B
26145010600,D
34039036100,A
29510112100,B
26125161500,B
25017368200,B
17031806102,C
49035104000,A
39035187106,A
8101000300,D
37081011602,C
26025001300,D
39095001201,C
48201324200,C
42091210100,C
34003007002,C
36081017900,C
17031411000,B
17031819000,C
47037018901,D
8101001700,B
6037501501,B
36005027600,C
6037530400,D
53033009300,D
6037199900,D
22071012000,B
40143003000,D
12057005101,D
41051004101,C
17089853004,C
12103024004,C
47037011600,B
55079060200,C
17031810301,C
25017339100,B
34003012001,D
36067006000,B
55079180300,D
41005020800,B
48113006200,C
39035107701,D
39049008811,D
6037552800,C
17031806700,B
9003510100,C
26163575600,C
6073008902,D
33011000203,D
36061022302,D
13121011100,C
34003045200,C
6037572900,C
34017014600,D
1073012402,D
13121009802,A
18089041800,D
42101038100,C
55059001400,B
26049012201,D
42043022000,D
26163574300,C
42071001200,B
24005490602,A
42101006900,D
22071005602,A
48113007914,B
36083052403,C
12031002400,D
6075021700,D
42079200100,A
6037502602,C
38035010900,D
26081002700,D
48167724000,D
34003038100,C
36055014400,B
17167002700,D
36085022600,D
39153507201,A
31153010501,D
8031001902,D
26017285100,C
17089854002,D
48375014900,C
54039000100,D
51760040200,D
17097865000,A
39003011800,C
47037011002,C
48113008802,C
26025001000,C
36081059200,C
31055006602,A
36085029102,D
26077001801,B
36001014203,A
22051024800,A
49057201900,D
26163555100,C
34003016000,B
26045020101,C
39003011000,C
42101980100,B
55079002200,C
41051010600,D
17115001100,D
6077001600,C
25003901100,B
55079090100,C
6001428500,C
22071002502,D
48201312800,D
42003981100,A
6037401311,C
42003525300,B
42079214500,A
22051027000,D
25009264100,C
6037300701,B
13121010001,B
6037551000,B
6037533806,C
6037482102,C
47157008110,D
26049011505,D
17031320400,D
48029141101,C
34001013500,C
25017369100,B
48113007102,D
48201313400,C
39035153107,A
26163572600,D
39095007002,A
39113001600,B
47037018601,A
39153530402,C
12103022902,D
13121001900,D
36081030902,C
26125144500,B
53063012200,C
24510270701,B
36005001900,D
25021402500,B
12031012300,C
34039038201,C
26099256100,C
36081065501,C
17031800800,B
48201312100,D
19013001900,D
29095017000,C
34007602901,B
47093003300,A
17031819802,A
8101001000,B
34021003703,B
42021010500,C
36081066100,C
36083041400,B
48201412500,B
6037199000,D
17031823200,D
26075005900,C
48029190902,A
36081006202,C
34017017900,B
17201000101,D
18089040401,A
54069001300,D
39153510302,C
53053063501,C
36047069601,C
17031806103,B
51700031500,A
26077001803,C
17043844201,D
51770000300,B
29021000600,B
26163546000,C
6037402200,A
36081071600,D
45003020802,C
17031808001,C
36005014300,D
26163585800,D
39023003700,A
34001000400,B
6001983200,D
6037481500,C
12086001602,C
48113006301,C
12031016200,D
6037570301,C
17031550200,D
48201313800,C
1101001800,C
39049008241,C
26081011302,C
39099811001,B
24005490400,B
44007010502,C
18089041900,C
48201210900,D
34007610500,B
40109105201,C
26075005700,C
54039012800,A
21067001700,A
34021002903,C
51740212600,C
26077001504,C
21111010601,B
17115001700,C
53063012300,C
20209042502,D
25025160300,D
51550020100,D
48029180202,A
12086000408,D
26125161200,B
39035196100,C
17115002100,D
42101036900,D
48439123000,A
17089854001,D
25017358400,A
9003471100,B
42021010600,C
36085014608,C
13021011100,D
55101001705,B
17043844802,C
5119002800,D
36061029700,B
55079100900,B
26049011209,C
34013007502,D
24005490500,B
21067001000,D
51650011200,C
25009210700,B
22051026300,C
6037600602,D
12031013000,A
36061024302,C
6037262400,A
21111009900,B
42043022100,B
17031540101,D
17031480100,C
26125141200,C
34003037202,C
6037434001,C
31109002702,C
25025040801,D
12086000504,C
12086004404,B
26145010800,C
34017019800,C
20091051802,C
17031817900,D
42043022900,D
55025002601,D
36055003805,B
48201413201,A
9009154700,C
27053012001,B
36085018100,C
24005403402,B
17031806802,B
18141001300,C
55059000500,D
55101001201,C
34017013900,D
36081009900,C
48201311800,B
20209044500,D
18035000902,B
13245010101,B
34039033000,B
39017001002,A
24510260605,C
25025000502,C
6037143700,A
39049008322,C
36055014102,A
25005642500,C
41051006900,A
25025060600,D
6075030500,B
9009361402,C
18089021300,A
9009141100,A
48113008000,A
42045404300,B
36081141700,C
51760071100,B
39035107000,C
40109106200,B
26045020202,C
24005400100,C
17031818900,B
22051022900,C
26081000600,B
29095012000,B
19061001201,C
17043845601,C
18163003701,A
48453001503,B
36047015400,B
31109001200,B
42003488300,D
17097865802,B
6067003300,C
12031012100,C
49035114700,D
25025010103,B
39095007700,B
26049011401,D
26045020201,C
9003502500,C
51087201003,D
42041010300,D
27137015600,B
12086000806,D
53053063502,C
6073005100,D
6037600802,A
12086005600,C
36063022100,C
42071013400,B
25021419100,A
20173007302,A
26077001507,C
36001013705,A
36027140500,A
42077005704,A
6077001400,B
1073012002,D
36047094401,B
26163594400,C
39153530502,C
42079211900,D
44007010300,C
17031826401,D
17167002802,D
34017019900,D
36067012700,C
36081157901,C
42091210400,A
36061016200,D
36029012001,B
36081064102,C
36015010600,C
55079005600,A
39095007303,B
36005009300,C
24005430300,C
24510280301,B
41051008201,C
26163566600,C
6037501600,A
37119004500,C
36029000110,C
39145003000,C
47037013201,D
26099264200,C
36081085500,C
48375011600,A
36119002106,A
17163502602,C
8031004306,A
51770003000,C
42003429100,B
22051027200,C
18089040802,C
6037143902,A
54011002100,A
25027710300,B
48029141200,C
37021002102,C
48201212400,C
55059002400,C
6037600703,B
39035980500,C
6077000300,C
48141001501,A
34017010800,D
42101980400,D
39095005600,C
6037273402,D
55025001402,D
54069000300,C
34039037601,B
27137003000,B
42133001400,C
17031828602,C
22071013400,D
39095008301,C
26081002600,C
17031839100,D
6037602509,D
36085027900,D
26121001500,A
51770002800,D
20173007800,D
42049012300,C
24003750202,C
6037502100,B
22071000605,D
34039035600,B
36065025400,A
26081013200,C
36007012800,B
36047035200,D
51760030500,D
25009261101,B
41051008302,C
21067002400,A
31055006805,A
39153531801,B
6037532200,B
6067003102,B
31153010108,D
26163566400,C
21067001300,B
20177000900,B
17031808600,B
39023001900,A
17031828601,D
17031816200,C
34003031100,D
42091202604,C
29095011300,D
36005040900,B
13121006100,C
26075005302,C
51680001900,C
49035111802,B
40143005002,B
5119000200,D
48201100000,D
21117064500,B
17031815600,C
27037060302,B
17031811600,C
48439106202,D
13089021411,C
39023001700,D
39035134205,C
39035184104,C
42003479000,B
6073008312,B
51710005500,C
36047017500,D
22015011300,C
6067002200,D
17031829301,C
13245010400,D
22051026800,D
13089021415,C
17031818100,C
48439102402,A
42045402700,D
45079001100,D
48201311300,B
17031808002,C
36055013002,A
8059010604,C
39049008210,C
55101000903,B
1101002100,B
53063003500,D
36081066400,C
36015011100,C
39113090302,C
34021003705,A
39155931602,D
26077001601,C
34013007400,D
34007607000,C
17089852905,D
39113060300,D
36081022900,C
29095012502,C
39099802701,C
9003496600,C
29095016300,B
55079101100,B
42091204702,A
25017368400,C
42079213400,D
12031016300,C
36047016800,C
36081053500,C
25009260401,C
25013811900,A
26099262900,D
51810046220,D
17031828402,C
26163556100,C
42003421100,C
34017014101,C
22051026600,C
19113001001,B
39113003403,C
25009262100,C
51710005903,C
48453001602,B
34039038601,A
36001001100,D
1073012602,D
49035102500,C
24510250500,C
36093032403,C
44007000800,C
36007013202,C
26077001802,C
6037502004,D
9001020500,A
6073014700,B
36007014400,B
13089021102,B
42071000800,B
40143003800,B
29021002300,D
24510130400,B
42071000100,B
34003035100,C
51710001400,D
18167001300,D
9001073100,C
4013108601,C
6075980501,D
6037536104,C
19013001600,C
17197880903,C
26081013100,C
12103024601,D
37119005000,C
39155920900,C
21067001900,C
6037404902,D
36081061302,C
36067014400,C
18089020200,C
6073005600,C
24005490603,A
20177002500,D
25009250100,D
39035980100,D
26081011804,A
36047080800,C
9003417500,C
13121009200,D
18003003304,C
17031820103,C
54099020100,C
24003750803,C
18089040700,C
36093032601,C
6037481800,A
34017018301,D
36007013000,B
36047001800,D
42003523100,C
36067014500,C
48201413300,A
6037670413,A
40143002900,C
26099250500,C
25021403300,C
6037554515,D
6037573601,A
53053060906,C
26163540800,B
29021001800,D
6037536000,B
36005011700,C
41051003603,C
55025002500,C
23005003000,C
40143000300,C
40109107002,D
36065980003,B
51087200501,B
6073003208,D
48381020900,B
55079019700,D
6073007600,C
39049008321,B
44007012402,C
49057200600,B
4013116800,C
36065025300,B
6037980028,B
34039039900,C
12103022601,C
6001433104,C
6037620001,C
17031824602,C
42079214600,A
48113006502,C
42041010400,A
6037430400,C
39023001102,B
36001014100,A
53053061002,C
25021403400,C
42091200307,C
34023009000,C
27123980000,D
39095007301,C
12086004500,C
55079120101,C
39113004300,D
36047096000,D
44007010501,C
39113080500,C
42003477300,A
42043021100,D
9009165700,C
55025003002,C
34003061400,C
37119001200,A
39113080700,C
36085014606,C
18089041500,D
36029004602,A
36093031900,A
42003426700,C
36081091800,B
51770000400,C
36059410900,C
48201311600,C
42049010903,B
48201211200,D
48453001719,A
27137000200,C
17043844602,C
53063011201,C
42049010904,B
34021003704,B
6001981900,D
36005006100,C
27123034701,C
51770002200,D
12103024411,D
6001422900,D
18097320303,C
39003011200,D
36047016400,B
26045020103,C
25017358500,C
39153531102,C
9009167300,C
48245000700,D
48113006900,C
8031004104,B
17031833000,D
17043845702,B
42101980800,D
6037544002,C
17201000403,A
42095017902,B
39035177503,C
6037482600,D
13051010101,E
18089040300,B
18097380100,C
48201511100,C
39093023700,D
39035181201,B
36061007400,B
34003017400,B
48201314002,A
31055006503,B
26077001506,C
6037400900,C
25017369000,C
39095007001,C
9003511100,A
21067001600,C
37081012706,C
9003510500,C
48113008801,C
39099810900,D
42133021210,C
6037128910,B
48201310800,B
8031015600,D
48453001308,D
36081156700,C
18035000904,C
6037104610,D
17097864801,C
53033007300,C
27009021200,B
29189219700,C
26025000900,C
42003551300,B
25003900500,C
48113011300,C
53033002000,B
39099811500,B
48201313100,A
17031843500,C
27053104400,C
48201310700,C
36061014300,A
55079101000,B
26025001800,A
36081099704,C
42003520002,D
17031821500,D
51775010100,D
39035195700,C
42003447000,D
9001020600,B
6019000700,C
17043846002,C
48375010700,D
21111010500,A
48453002304,A
17031620200,C
20177002701,C
39113080600,C
34017007300,D
36059410400,C
12103022402,C
17097865801,B
39155920700,C
25017358300,B
6085504318,C
6037300100,C
34039035400,D
17115001500,A
36081138502,B
17097864903,C
39049008720,D
24510250600,D
6077000100,C
18089030300,D
48439106300,D
36081022001,C
6037201402,D
29077005800,D
36047044900,D
51680000100,B
21067002800,A
12086001102,A
36027410000,C
17201000502,D
6019000100,C
24510272004,B
31055001800,C
26025001700,C
36001014609,C
31055007304,B
29095015500,D
6073002702,B
39049010700,C
6037433801,C
18167001600,C
17031802802,C
6019002905,B
27137000300,D
29077001200,A
36063020300,C
48485013200,E
33011001000,C
48201332100,C
13021011000,A
42071011805,A
26121002400,D
22051022800,C
17163502300,C
29189220501,C
6037262604,B
36081077907,C
25003900800,A
34021002702,C
26099250100,C
6077000801,D
6037500403,D
18089030400,D
53033026500,D
36047066600,C
36093032402,C
42003519000,B
36029007202,D
48453001505,B
40143006701,D
26163554300,C
6019002000,C
42101980200,B
18089041200,D
36061013100,B
34007601800,D
26121000402,D
1073012401,D
29095012501,C
6037401603,C
17043844100,C
6037261101,A
36055010602,C
13121008800,D
26081002000,D
26163985700,D
27137000400,C
31153010103,B
29021000300,D
36029016200,B
39035195600,C
39155931900,C
55079000501,B
17179020100,D
17031560300,D
45079002602,D
36001014201,B
6037402001,C
42007603900,C
25025981300,C
25025070101,D
39093023900,D
31109003706,C
39003010900,A
47065011800,B
21111980100,D
36047101800,D
42079218000,B
17201000105,D
17043841705,C
42049012400,C
42003981800,C
36067014700,B
26121001000,D
47065011700,A
36055013401,C
17031829401,C
18141011506,C
55025000600,C
36007001200,C
17097863500,B
8031004505,D
17031807800,B
44007011702,A
42003421200,C
22071013700,D
25025061101,D
51760070602,C
13089021416,C
42003981000,D
6085502102,D
25009204701,C
42003202300,C
8031004405,B
21111011403,C
42041010204,D
48453000307,B
19013001502,D
29189221000,B
18089010203,C
36081121100,C
26125141000,C
26049012311,D
17031640500,D
26099261900,C
25009260402,D
44007011800,C
20091051600,A
39035178101,C
20173006300,C
19061010103,D
48201311900,B
6037104404,D
47157007810,D
39153530902,C
17031808100,C
24510230300,D
22051024900,D
18141011501,C
51770001100,C
9001081100,C
36061004500,D
37081012705,C
1073005104,D
49035980000,D
39023002100,C
55079019200,C
17031640400,D
34003049002,D
21111004900,D
28049000900,D
55079101800,C
1073010805,A
22071003302,D
6037296401,B
24005401507,C
26125183900,C
36067014600,A
48113008703,C
6037402102,B
36119002000,A
17031130200,B
36081016900,C
48113008704,C
18003003901,C
36081138501,C
18089011400,D
26065003801,A
51775010200,C
26065003901,C
49057210402,D
48439101201,D
51710000901,C
34027041902,B
53033012100,B
53033007200,C
17031827600,D
19113003001,B
48245007002,A
1073011901,D
48167724101,D
54039001100,C
17201000507,D
6085505202,D
6037124902,A
51087201102,C
36067005602,B
39153533400,D
55079001900,D
18089022000,C
18089010205,C
13021012101,C
36047057900,D
39049005100,D
18097310106,C
53053060903,C
36047054300,D
36047102600,D
13121010603,D
17031820501,C
51760060700,D
17031823001,D
12103024302,D
13089022402,C
47157008900,C
55079120102,C
36081056100,C
55079001800,C
18097310203,C
18097320108,C
6037571503,C
48113008705,C
27109001000,B
6037103200,C
17031280100,D
1097001200,D
6037128702,B
13089022900,D
22051026900,D
21117064000,A
48141010600,C
42003980100,D
18141003500,C
24003750804,C
54039000300,C
39035184103,C
37081012707,C
17031805901,C
18089030700,D
36061002400,D
9001072600,C
13245010300,D
37067001400,B
42133010220,B
51680000201,A
55079130100,B
25025000803,D
6037402903,C
12103020201,C
13121007002,C
36081019900,D
18089042801,C
17031242800,C
29077001100,C
36047017700,B
34017006900,D
6037262200,A
54039001902,C
51680000802,A
42021011100,C
12086005002,D
42041010201,D
51710005602,C
42079213100,A
31153010621,B
6075025900,D
9003471200,B
36047040700,C
36119002101,A
29077002300,D
36119000500,D
1073005910,D
9009167100,A
31153010618,B
13089023113,C
6067005301,D
55079160202,D
36081029900,C
6019001303,C
13089980000,C
24510020300,D
47093004300,C
48201220200,C
36059302600,C
29189211801,C
17163502404,C
17143004600,C
31109003500,C
21111010001,B
47037015803,D
4013114401,C
26163576000,C
39113000100,C
17043841706,C
20209043804,D
26163568300,C
6001403400,C
31055007303,B
1101002201,B
18089042802,C
48029190901,B
4013117100,C
48113011500,D
51087200700,B
6037265301,C
42071013301,D
31109003402,C
29077005700,D
6037554302,C
25009261102,C
39113080200,B
42003980700,C
49035104200,A
48381022002,D
26163500700,A
39099812500,C
27141031500,B
42091205400,A
42049011101,C
39113030100,B
36119000104,C
17197881601,B
36005033400,C
42077006101,B
22071000604,D
17031820901,C
9009151200,C
36093032404,C
48113007301,A
55079021200,C
22017021400,C
26099251500,C
36081003700,D
25017368901,C
39035155102,C
12086000503,C
6037501900,D
12086000903,D
6037576001,D
39093022601,B
27137001900,D
42077006600,B
36081077902,C
24005421102,C
9001061000,B
29021000200,B
39151712400,C
20209043700,C
6037620002,C
6037650902,C
36081075701,B
39049008311,C
51550020001,D
48201530200,C
48485011400,F
18089042200,D
55025003200,A
36059404300,C
47037018602,A
51087200303,C
34003058100,C
6037701100,C
49035114800,A
37067001601,C
18163003500,D
48201311700,C
34021003202,C
6073009106,D
34017012700,C
36081068300,C
39049001122,C
39049007710,B
29095012701,C
36005043500,B
13051980000,E
54011010202,C
24510271503,B
42003563800,A
53063013600,C
17201003708,D
6081600401,C
26125150200,B
47093002100,C
17031820202,D
17031805702,B
39145003100,C
24003751200,B
37067003500,D
36061005700,D
34031246001,C
13021011900,D
36063022601,D
42003480400,B
34031246101,B
6001409100,D
18097340202,C
26163567202,C
48453001718,A
42003460002,C
18097310105,C
40143006600,D
18097320107,A
39017014800,C
17115002402,B
48485011800,A
55133201402,C
5119004900,B
6037310100,A
38017000100,A
47037015802,D
6037271600,B
28049003400,D
31055006905,B
18089040501,C
20209040001,D
42003422000,A
39155921200,C
12103024904,D
27123042001,B
9009180400,C
36081140902,C
36093032101,D
12086005802,D
6037430301,B
26049011211,D
48113007913,B
34003013001,C
6037572100,D
39017001001,C
42079214900,B
34023001902,D
25025030300,D
1101000900,D
24005490301,B
21111012802,D
17031802900,B
13121007200,D
25013812101,C
17031823304,D
1073012701,D
13121003500,D
18097330107,C
39035134203,C
18097320109,A
12031011700,D
6037572800,C
26081001800,B
53053060200,D
55025003100,D
48141003100,D
51087200202,B
36029008001,C
26125183000,C
6037262301,B
12086001005,D
51550021403,C
40143006200,A
19113003002,B
6013392000,A
42003459101,D
18163010403,D
33011000204,C
51710001300,B
48201333100,B
26125165200,C
29047022100,D
53063011300,D
42077005705,B
36055014104,C
13215001100,B
38035010300,D
6075010100,C
26099251800,C
6075980900,D
13051003501,B
6037670416,A
26017285800,D
42101012204,B
6073005300,C
5119002203,A
6037134306,C
25009260302,C
47037018102,D
26025002500,C
34039039800,D
22051026700,D
39153532001,C
48029980100,C
6067007007,C
42003980300,B
12086001101,A
6037702901,D
39113000300,C
6001409000,D
49035110300,B
17143004802,C
48029141102,C
34027041901,B
48029120100,B
51087201501,C
42045402900,D
34031223900,B
6037433503,C
34027040102,B
13089022203,D
42003469000,D
53053072312,C
48453001913,A
24510260404,D
39049008312,C
22051024500,C
26125168500,C
6037600601,B
6085505100,D
53033005302,B
6081600700,C
42077006703,B
36029008400,B
6037269500,C
6001409200,D
34017007700,D
17031530300,D
36001013801,C
53063004900,C
6037554521,D
13063980000,D
25021417300,C
31055007467,B
6037543202,C
39173020100,C
34001001300,C
36119010702,A
27123042002,B
6037553502,C
31055007458,B
27123030202,B
36081062400,C
42021010100,D
1073010803,D
36083052301,B
42101036600,D
26163576600,C
47093005100,C
17143003300,C
18089042000,A
18003002300,C
42073011100,C
6037214503,C
45003020701,C
42003477200,A
18141002600,C
36085001800,C
29189211802,C
6073006802,A
17031808302,B
36119009900,A
17197883804,D
48439105600,D
51710000902,C
42095011300,D
20209043903,B
26163581500,B
6037101122,C
9009351900,D
25027711100,C
9009160200,D
25015821100,C
55079185100,C
47157980200,D
40109106100,C
17031700301,D
39151711600,B
17031980100,C
6001428600,C
42133010130,B
34003042500,C
22051022102,C
25021416102,B
6075033201,A
36061024200,D
23005003701,A
17179020302,C
26075006000,C
17031560200,D
17031170100,C
12086005701,D
39035185101,B
18097320901,A
42021010300,D
36015000300,B
33011000901,B
20173007500,A
51650010800,C
37119005301,C
6001433000,C
19163013703,B
9001081000,B
13089023102,C
54039001800,D
17043843301,B
13121008400,C
6019003701,C
26065005304,C
19153004502,A
36081033100,C
34023000902,B
6037460401,B
39099812601,C
17201003605,B
36119010300,C
37063000102,C
6075980200,B
9001044600,A
26017285201,C
45003020702,C
53033004000,C
6073012003,D
18003011501,C
34027042600,B
39095009900,C
39035107101,D
36055014004,A
42133021500,B
29095010500,B
19153004501,C
17031030702,C
9003510700,C
20177002400,D
6037603703,D
17031838800,D
8059011401,C
24005491300,C
6037404402,C
39049002710,C
6075020100,D
26081013802,C
17031720400,B
24510250205,C
18097320204,C
17089852906,C
6037651002,D
51740980100,D
39153531103,C
42021011400,C
6037433602,C
25025981100,C
39085200600,B
37063001503,C
53033007100,C
9009165801,C
34027042800,C
24510260203,B
25027736400,C
39093024100,C
39035189105,B
26163551200,B
40109106503,A
48029120600,B
34003035200,C
6037552002,C
36055980100,C
36047103400,D
17031770901,C
39145003800,C
45079002400,A
42133021600,B
36059411301,D
6037502500,C
37063001501,D
48201320601,B
37081012508,C
18097340300,C
6075010500,C
27053020500,D
34031175900,D
42077006002,A
6075010700,D
36085027301,D
6037277100,D
36007012702,C
42077005902,B
26163540500,B
26163500800,A
40109105202,C
37081011102,D
17097863202,C
48439104603,C
42101980000,D
12031012200,C
24510130805,C
12057003700,D
13089022301,C
44007011901,C
18097330109,C
6075011300,D
42003460001,D
39151711700,B
26049000100,C
26075005200,C
48439110302,B
6085503123,C
48453002105,B
17043844701,C
39049006721,B
21067001500,C
47037013000,D
6037550500,C
48201312000,D
39113980000,C
6037402402,D
17031806502,C
36081152901,B
36119009800,A
6001428700,C
9001035400,A
6037532304,C
9009151100,C
39099811600,B
36029010902,C
8031001301,D
47037011001,D
55059002300,C
6081600200,D
55079186800,D
36083052003,C
24005403201,B
26049000300,C
39035188103,B
13051003302,C
12103028401,C
42133020100,D
17201003601,D
55079060101,B
33011002901,D
36061013500,D
36083052004,B
25025980300,C
42091200310,B
26065005303,C
36081077906,C
39035174107,C
6037980009,A
24005980100,C
48453000206,B
51700031400,A
6081600300,C
6037101300,C
25013810602,C
20173009100,D
39035189110,B
48245010100,A
36029011300,C
55079150301,D
42071013501,B
26099982200,C
18097330103,C
51087200502,B
42095018001,D
6037540000,C
26077001501,D
25005653203,B
6037554103,C
42003980000,B
48453002308,A
31109003604,C
9009140200,D
45079000900,D
36047035000,D
48201411800,A
34017018302,D
36007013303,C
18003980001,C
28049000800,D
36081038302,D
18089041002,C
42091210200,D
36001013601,C
6037574202,D
23005002800,D
9001081200,C
6013352202,A
29189220001,B
24510270803,A
55059000700,D
25009252400,C
4013108602,C
44007013900,A
48113007906,B
17197884103,C
40109106303,A
17031540102,D
36061005501,B
20173006900,A
8031004504,D
17115001400,D
53033003900,B
42101034600,B
27137010200,D
42077009100,B
6037104401,D
36081079300,C
25025981202,D
22087030400,C
18097390800,D
51087200108,A
26065004494,B
34003053100,A
34003042100,B
6037134201,C
12031015700,C
6073002903,B
26125143500,B
26065004902,B
6037430721,C
6037401101,D
12057007300,D
55101001001,C
13021013900,D
55079980000,C
49035101400,A
6037651101,D
18097360302,D
27053020102,B
29095015200,D
12057005301,D
37021001400,C
18141011000,C
48201530300,C
36093032102,A
6037530204,B
42003473602,A
49035100200,B
33011002600,C
19155031700,B
18035002000,D
6075016000,D
26125167500,C
8101003103,C
6073014101,D
1097002301,D
26025002200,D
13121008301,C
49035113307,D
39035981100,C
53063013401,C
39093024000,D
38017000201,D
6019002904,B
17031801701,C
36081107202,D
26163546300,D
6037431400,C
36091062602,C
25027736300,C
47037019006,D
26163567900,C
24005490605,B
36055014302,C
17031828100,A
31055006302,B
42095018002,C
6037572400,C
39049007812,B
9001035200,A
27027020202,D
9009361401,C
36119010100,B
41051006802,B
6073009107,D
6037271500,B
26025002300,C
48201233400,C
27037060603,B
40143007200,A
27037060401,B
27123031900,D
36085017300,C
26099263700,C
48201413100,B
25027709701,C
48485013100,E
49057210800,D
26163573100,B
21111012701,D
54039011000,C
36047101400,D
13215000200,D
6013391000,A
1101002400,D
34039038602,B
48141003200,D
1097007400,D
17043840706,C
26099262100,C
6037532400,C
36029010700,C
27123034702,C
42003429400,B
6075015100,D
36119010200,D
18003003500,B
48439105902,C
17031823302,D
17089852808,B
1097002600,C
6037276100,B
34021002904,C
26049012310,D
25027737300,C
25015821000,C
48245010500,A
24510270802,A
36085022800,D
44007011403,D
36055012301,A
55139000300,C
13089023801,C
31109003301,C
26163985600,D
6037574800,B
26099251300,C
53033003800,B
55079021300,B
34013005700,C
34007606500,C
17031826202,A
48201411502,A
17089853006,B
34027043900,B
6037236400,A
42101034802,C
9003511400,D
40109106301,B
27109002300,C
8005007202,D
39153530800,D
53063011500,C
1097000800,C
12031015600,C
25005654200,B
36061012900,D
25017335400,C
13089022204,D
17043841901,C
34023003002,D
19013001503,C
26163573000,B
36001013506,C
25005631100,B
6013353001,B
26099258800,D
36061006200,D
34003061300,C
6037600400,B
12086006203,B
6037134304,C
19153010803,D
6037603400,D
26099268400,C
13021012500,D
34035052100,C
20091051500,C
42095010500,D
36061029900,B
39113021601,D
26163554900,D
6037980015,D
22071980000,A
18003011502,D
48141000401,C
29095017500,D
13121006801,C
17031760802,C
1073005800,C
1101002800,C
6037543306,C
17197883810,D
51550020600,D
42049011102,B
6037530006,B
24005402404,B
47037012701,D
39151713100,C
26025001500,B
21067002304,A
17031818000,C
26025001900,C
34003061100,C
26065005201,C
18003000704,C
13089023101,C
12057006802,A
48485012900,E
6037236100,A
36083052304,D
26163571500,B
9001060900,B
19163013600,B
26099255200,C
22051028200,C
47065010901,D
17197882802,C
25027728200,B
42101989100,C
21117064700,A
17119400951,B
51700031200,D
37067003309,C
9003492300,C
13051003301,C
6073005400,D
48029130800,D
42003474101,A
39113020500,B
42003488500,D
36067014800,A
40109106403,A
6001420400,C
18141000302,C
39003011300,B
39035131103,A
48453001911,B
39035137102,C
21117065300,C
17031802801,C
26125171000,B
19163013200,A
48029191004,B
31055006301,B
39035184108,C
26099255500,C
42133010110,B
34023000300,C
6037433601,C
25021419500,C
26081013900,C
34001011803,D
49035104300,A
17031650500,C
39035188104,C
36059300800,B
24005402304,B
51650011400,C
48201233701,D
29095009900,C
39113090900,D
36001014001,C
55079019600,D
36059416300,D
17089852805,C
6037404600,D
6081600402,C
6037220100,C
41051007000,B
6037980031,D
9001030100,B
36005050400,C
29189210502,C
9001090500,B
17031829402,C
41051007400,C
48485012800,A
48453001912,A
17031829500,C
27037060202,B
6037127920,C
17031828000,A
18141011100,C
39035176200,C
26065003802,A
6037124105,C
29510127000,B
6075060400,B
19113000300,B
24005420600,C
6019000901,D
47157008600,A
48485011200,E
6037123104,B
24005420701,C
26065980000,C
21067002200,C
19155031800,B
39099812001,B
22071000902,D
12086004701,B
42003980500,D
26163567100,C
34031246300,B
26163581600,C
6037534301,C
28049001400,A
42003429300,B
18167010701,D
42003500300,B
37067002601,A
36013037200,B
21067002900,B
6073014200,C
36093033003,C
42091205503,B
6019005100,C
22017024602,D
22017023000,A
18163003702,C
25025981501,B
42003503002,B
42003475401,C
6037701902,D
44007012300,C
36059411100,D
9001050600,B
26163572900,C
20091052201,D
9001010202,A
9001060500,B
12086005001,C
17031243500,D
26077005501,C
6037291110,C
36085029103,D
26037010203,C
24005401302,C
53033012000,B
39085200500,B
9001020700,B
42133010520,A
36059404500,C
9009140100,D
39049009220,A
39035131102,A
1073014404,B
12057012001,D
44007012802,B
40109107305,D
17031823102,D
36081017100,D
31109003707,C
6037702600,C
48439105405,D
48453000801,D
41005021200,A
6037132700,C
39035137101,D
6075060100,A
6037670201,D
6037530004,B
27123042402,B
9009352800,C
55079019400,C
27145001001,C
6037404302,D
48439111103,C
26163567800,C
6075033203,C
1097002302,C
27123042504,D
13089023700,C
26163567300,C
40109107104,C
26125197600,C
13121008102,C
13121008000,C
17167002500,D
12031011100,C
48453000306,B
9001020800,B
39049980000,C
6085503710,D
9003494300,C
48029171200,D
54039002100,C
37067002002,C
31055006303,B
39113070300,D
29095980101,D
39049007820,C
40109103601,C
17031821101,C
34003061200,C
26163567000,D
6037553601,C
41051980000,C
42003451102,D
21111011301,C
17043842400,C
6037551402,C
26145010401,C
48113010804,C
42079213900,B
42077006702,B
48375013900,D
36093033002,C
37021002506,C
37119005100,C
25009252501,C
36001013602,C
6037401800,B
25027735200,B
6037603702,D
6037570100,C
20209043600,C
26145011800,D
42045406500,B
1073013400,C
6085503707,C
6037534405,C
42003458000,D
20173008100,D
39035178204,C
6037463000,C
40109107306,D
6037300301,C
36083051902,D
26125151000,A
39151712300,A
9003473800,B
36059404800,C
20173008200,D
6073006200,D
23005003702,D
13021012600,D
39049006950,C
42017100103,C
51760071002,C
17031806801,B
25017333300,C
12103024702,D
53033002500,B
25025981700,B
26081011101,C
55079021700,C
36081072100,C
25009208400,A
48141010103,B
25027739100,C
6073014002,D
51550020500,D
27137002300,C
6067006300,C
25017317203,B
42091201406,C
34013004802,C
19153010802,C
26163539200,B
26125160600,B
25017352101,D
55025000300,C
34035052300,C
12057000800,C
6037403318,C
19013001501,A
6073006801,B
25027739500,C
51710980200,D
17163502603,C
48439106201,C
34013980200,C
17031820604,C
36067012600,C
34031183200,D
6037294301,D
6073009304,B
34027044102,C
47157007900,C
48485011300,F
48201313900,C
17179020301,C
6075980300,B
6067006600,C
36081139900,C
17143002900,C
6037294120,D
6037980013,B
47065011600,A
6077002402,D
54069002000,C
48453001307,D
48439103602,C
6037320000,A
17031803200,B
48439121606,C
29077001500,B
36059302700,C
36067940000,D
44007012102,C
9003500700,D
6073009901,B
17031822702,D
36059404901,C
17143002800,B
48245002200,D
34007610600,C
25027729200,C
27037060104,B
29095012803,B
6037482522,D
6037294302,D
6073008310,A
26163582000,D
6081600900,C
48113010701,C
25027736200,C
6073014806,C
6037404201,C
27123034201,D
19153010600,C
17031807100,C
42101980300,B
55025991703,C
25017314200,D
13121007300,D
27053021200,A
34001011702,C
26125140100,D
27123042503,D
13051004400,D
40143006000,C
17119400903,D
25009202102,B
42003504100,C
17031822302,C
21067002303,A
6037577602,B
25017315100,A
17031822602,D
20173008400,D
36065023901,C
17031806900,B
44007012801,B
27053023802,B
17031801500,C
44007011701,B
54039000200,C
29189214500,B
6037102107,C
40109107215,C
8101002901,D
39145002900,C
36061011700,D
55025991702,A
27099000200,B
17031826402,D
6037207900,D
6037460000,B
39035177101,A
55025010300,C
20177001601,B
26065004600,C
25005653101,A
48245005100,D
36055011604,A
6037980014,C
48029161000,C
48113008603,C
25025981201,D
39049006921,C
39153532004,C
39085200900,B
6067005201,D
6019002903,D
25017314301,B
36047070202,C
36093032602,C
26081011301,C
17031770601,C
44005041701,D
39035194300,C
6085505500,C
44007010101,B
51760070900,C
36119010701,D
6075017700,D
20173005100,D
42013010700,D
36059411000,C
6013390200,B
18163010404,C
17031818600,C
42045406402,D
36059409900,C
42013010600,B
17031811302,C
34027044000,B
21037053302,C
19149970600,D
26163551300,C
36029011400,B
55101001602,B
36059411600,D
9003400100,C
25027727100,B
39155933302,C
34023003800,D
39155921300,C
31109003102,C
40143003900,B
6037980001,C
6037670701,A
6037603006,D
47037018700,A
26037010204,C
39095008500,C
39095007204,C
25027736500,C
48453001501,B
48453001901,B
19163013500,B
8059011550,C
24005401504,D
39035138105,C
9001011000,A
39035194100,C
53033001500,A
47093003500,A
42041010900,B
18097342000,C
17031808500,C
26125161600,B
34027040803,B
6073002703,C
26121002300,D
6037554406,C
24005403803,A
24510260303,C
26125197400,C
26125168600,C
6037650702,D
17031822102,C
26163541000,B
26045021401,C
42045410500,D
26163571600,B
12103028102,D
12057004600,D
53053071705,C
6037433101,C
20209044603,D
19163012400,C
36081155102,C
12086007503,A
6037543305,C
13051004500,D
39035180103,C
42101035301,C
53033026300,C
25023520100,C
55079187400,D
6037403317,C
44005041601,D
17031829700,D
26099262800,D
26121001901,D
39023001600,B
48113010000,C
33011002800,C
55079160100,C
36065023501,C
9005360200,B
42003451300,D
39035195800,C
17201000506,B
41051006402,A
39113021200,D
6037402705,B
39095008100,C
54011010201,C
48245006600,A
25009202101,A
39173020300,C
8001007900,D
34003042301,C
42073011000,C
19153010804,D
25009254100,C
24003980000,C
39035190502,C
42003477100,C
20173007600,A
17115001801,C
39003011900,D
28049000400,A
39095008302,A
42091210300,A
18163000201,C
37067003600,C
51710006606,D
31109001301,A
36063022712,B
6001430102,C
39035192300,C
47157008700,C
39035133103,C
26049010912,A
51161030900,D
34023008900,C
6037432300,B
41051008202,C
31109002900,C
48375013400,D
36067000100,C
26125152000,A
48485012200,E
39035196300,C
55079186300,D
18127050407,C
25009210900,B
38017000300,D
13295020200,D
17031620100,C
25009209100,A
27123041900,A
55079120203,C
27123030704,B
18097310306,C
42003427100,C
17031822000,D
42073010800,A
12057007102,D
20173007700,D
39055311700,C
13121007001,C
47065012100,A
36059404400,C
41005020200,A
25009252602,D
26115833300,C
36015011000,D
6085506000,C
36043010202,A
5119002002,D
25005654100,B
6073008003,C
39049009332,B
25021419800,C
17031822802,D
12103020302,C
18141011202,C
6037400603,C
39099811902,C
42091201501,B
37067001300,A
6037650603,D
19153011600,C
48113009101,B
23005002502,C
17201003711,D
19163012501,C
39003011600,B
26125150300,B
17143004500,B
42077005602,B
26163503200,C
25009203100,A
26163568700,D
53063011202,D
24005401400,B
34023001412,B
36055014001,C
6037134002,C
36065025200,B
39153530603,C
37119003300,D
6013389100,B
36067016400,A
48029120702,B
12103020207,B
9001090400,C
9003400300,A
26081001101,C
17031808400,B
17093890301,C
36061006900,C
27145000500,C
25017317301,B
37081014501, 
17097864700,B
13051011600,B
51770000900,C
18163010202,C
29077002200,D
42079211500,D
42073010202,D
39113060200,D
27027020300,C
46127020300,C
36085017008,C
9001035300,A
12086001603,C
21101020701,D
19153011028,C
18163980100,D
18141011602,C
26125167000,C
42013011002,B
27027020500,D
39113080100,B
6037550602,C
48029180902,B
18141011503,C
12086003916,A
36081080900,C
36007012201,B
27123042302,B
18097320106,A
25013800201,C
42101035900,B
6081600100,D
18127050501,D
6037980030,C
25021456101,C
22051025400,C
53033002100,B
48439105001,D
25009252601,D
9003494201,C
26081012605,A
48245006900,B
34031246104,B
54051020500,D
17043844307,B
1073014302,D
6073006600,A
26125197702,B
8031004107,C
17031811701,C
21111009103,C
39035189107,C
36081010701,C
13051003700,D
28121020302,D
6037400604,C
42133021410,C
9003471300,A
26125160500,B
17031828300,D
6037543703,D
48439105006,B
25013800300,C
42003523800,C
25013812202,C
42073010600,C
36043011302,C
44007014800,C
26025002400,C
25021457100,C
34017007600,D
6075060700,D
26121001902,D
9003460100,A
55133201000,C
39035192900,C
38035010801,D
6037570701,A
13121008302,C
29095009700,C
39049008730,D
19153010500,D
36001000404,C
29189220300,C
54011010102,C
53033026001,C
6037132502,C
26075005600,C
37081014411, 
25017317102,B
6013354001,A
42079215300,D
36067016100,B
25027737100,C
6037406000,C
23005002900,C
1097000600,D
6019002906,C
18141001100,C
55079021600,C
48029171502,D
22017022900,A
40143000100,C
55079001600,C
39017010906,C
9003471400,A
12057001001,C
41051004300,B
17097864602,B
13121008101,B
48141010102,B
36013037300,C
13215000400,D
41051007202,C
6037106649,D
45079011701,D
8101002700,D
41005021601,C
48029180602,A
17201000104,D
21117065900,C
39049007550,B
18035002100,C
26115833500,C
36007014302,A
17197881603,B
9003494500,C
6037980025,C
25021404100,A
42013010500,B
26025002000,D
47065010902,B
44007011200,B
42043021800,A
17089853005,B
48113007601,A
36065980002,D
29189220801,C
36029010102,C
13051003602,A
34017005802,C
25017316500,B
39153530604,A
33011002902,C
39095007203,B
27053980000,B
27053023600,B
55025000402,A
48439106507,C
20091051000,A
36081021900,C
6073021600,A
25009253100,C
27053022801,B
39017011002,C
17031827902,A
6037576200,C
39113020601,D
6073012102,D
25027709100,C
39035173104,D
6037277000,C
17031822301,C
25009210500,A
18167011200,C
54099020300,C
26017285900,D
22071001702,C
17031560400,C
17043844202,C
6001432800,C
13215002000,C
4013114100,D
25027729100,C
53033001900,B
51161031000,D
18141011702,A
47037018404,A
25009252101,B
51650010501,D
24005401503,B
12103028104,B
48167725600,B
37021001801,D
51680000202,A
6037267901,C
36055013604,C
45079002603,C
26081014502,C
13215002902,C
42101980700,D
25027739200,C
41005022201,C
25005653301,B
17031824601,D
39095008600,C
17167000600,D
36059409800,C
17167000100,B
13245010600,D
17031825503,A
36083052404,C
55101001706,B
36067016300,B
17197883811,D
20177002900,D
13121007603,C
42003563300,B
54011010300,C
47093003400,C
51650010602,D
33011002702,D
49057210100,D
12057001400,B
6037431502,B
22051025500,C
18163001800,C
39153532902,C
26125197500,C
42045410800,A
55043961200,D
40109107216,C
25009201100,D
42043021903,B
18089041001,D
6037574902,C
48439110500,D
36013037000,B
13245001601,B
40143007101,A
20177003001,B
44007012803,B
36007014500,B
6019001304,C
6073011300,B
17043840705,C
39049008821,D
38035011700,D
51087201001,C
25021419300,B
26081004500,C
8001009751,C
36065026200,C
25027712101,C
6037577604,B
17031804902,B
51775010501,D
6037980019,B
36013037500,C
25017367200,C
26115833000,C
9009165802,C
12031011800,D
39035174207,B
6037294620,D
41051007300,C
25023520202,C
9001010900,A
18003004000,C
25025980101,C
55101001502,D
55079160203,C
36055980000,B
21117063603,D
55025003001,C
12031011500,C
6077002503,D
48375011700,B
6037405203,D
42045402100,B
42045404101,A
42071011803,A
39017011004,D
8031004002,C
17031823801,C
22071001701,C
26037010300,C
18167010300,D
26121002601,D
12086000403,C
12086003803,B
26099263600,C
39113050301,B
37081015402,C
36001014608,C
17043841902,C
12057007103,D
53053071803,C
39153532302,A
6037400501,C
6037540800,D
39099812100,C
26017285300,C
8101002806,C
6037553200,C
25023521101,C
25023524101,C
26163546100,C
26017285500,D
42133021100,C
42003470501,B
36059410300,C
24005492500,C
55025002900,D
6037310300,B
42017101401,B
36067013800,C
6085502101,D
36007012600,C
39049009210,A
36015010700,C
1073013901,D
1073012905,B
19153011111,B
27119020300,D
19013002700,D
38035011200,D
26125158200,C
54051021300,C
9009157100,D
9009352500,C
26099268300,C
6085502601,C
36061009900,D
37081012504,C
8005006705,D
8031001701,D
36055014602,B
53063013700,C
6037109100,C
48245000500,B
25009202200,A
17031825000,D
40113940005,A
51161030702,C
6037276400,C
34007603301,B
25009217400,D
